id,content
1288986997143601152,sibuduh langoinstitute know word elephant its derivation one instances saw phenomenon ko
1288983731122966534,rockstargames idea elephant rifle bugged shoot star animal when go collect pelt star doesnt defeat purpose weapon designed hunting animal hope gets fixed tuned hotfix
1288967774795116550,realdonaldtrump trump keeps ignoring elephant room americans concern covid pandemic has surged us amp killed trump tried denying ignoring amp bullying the virus keeps its deadly thing bye
1288966929236066309,cslogan famous century song england about elephant you know nelly elephant packed trunk said goodbye circus went trumpety trump trump trump trump check youtube worth lyricing shall say
1288961467555950592,based tower elephant show younger brasher conan origin story bullshit killed family bullshit jump howard stories not fuck elephant cosmicism film would 
1288960540337795072,yaoicalvinnn darklordkaii some good things year old girl elephant its foot tail mouse you say you neutral mouse not appreciate neutrality
1288957812576604160,soulonjourney its going jump boat thousands miles degree weather amp jump boat amp jump someone infect person that person going touch the door handle little johnny touches amp picks nose dies elephant virus
1288957149570314240,neellexlumi selenajade stella immanuel ask fighting bill gate research win evident its politics money game chess pawns will die the elephants fighting god forbid you are dying you hcq you take 
1288957051843092481,neutral situations injustice have chosen side oppressor an elephant its foot tail mouse you say you are neutral mouse not appreciate neutrality desmond tutu wamagaisa nigelchanakira ali naka
1288935468046974976,cumberlandadv nagging question time still unaddressed fed exit strategy what about elephant the room balance sheet markets thefed federalreserve https co twshrcuiu
1288935322424954883,katierogers escochrane it case trump organization wants get its lease really about hoping won white elephant hands rather the future the hotel operation
1288932529882517511,species characterized shape resembles elephant ear besides poliopogon body always concave side facing direction the current way optimize the capture food
1288924955070136326,nagging question time still unaddressed fed exit strategy what about elephant the room balance sheet markets thefed federalreserve https co csa ubr
1288924813218603008,ashleyaokii the elephant its shade beige
1288913965205069824,edinburgh amp administration its best wreck businesses leith walk how many going survive obsession the white elephant adamrmcvey
1288912848681304066,wildonnelly realdonaldtrump wanted say didnt you got who lucky elephant barr mcconnell jordan desantis again didnt say its immature lol
1288908199769366529,legamunt common see websites adding dumb shit nobody asked except designer had epiphany pink elephants had power increase bullshit levels unrequested features even adblock still ads pausing video the start lmao
1288888262145085440,realjameswoods elephant also stomp whole damn circus when enough freedoms lost hmmm maybe s time
1288882087064408066,farawotinashe zimparks someone hates superior zanu guts swear tomorrow change come your corrupt ways dealing wildlife nature come end looting selling elephants hunting souvenirs end zimbabwe come back glory days tomorrow
1288882047453454338,although purple eggplant common supermarket shelves tends steal show missing you tried green cousin elephant tusk arguably best testing most tender variety https co yfq bsu
1288880752281751554,shilpamdas children temple festival days would wait gate feed the elephant receive blessings
1288877104428351489,bridyard matthewhodg strange railway carrying passengers first full year allowing extra local regional trains per day across midlands the north extra freight trains per day match definition white elephant m aware 
1288872649133891589,realjameswoods are extremely welcoming orphaned baby elephants https co wcmy zh animal kingdom its priorities order
1288871067809800193,elephants cherishing blessing new born life species aborts own millions call dumb animals https co wljhic
1288864388405964800,nonhumanrights sent letters local state federal agencies urging immediately investigate commerford zoo publicly acknowledged inability provide basic care elephant minnie result the covid lockdowns https co xqs gdrt
1288857593239105536,bob reaalamerican thedailyedge realdonaldtrump varneyco wtf that do gdp today marks biggest drop history like size bush recession quarter standing edge todays drop elephant fucked opening economy soon backfired idiots
1288854361813192704,point think gop needs change mascot elephant ostrich buried head sand ignoring reality are hoping things get better
1288853407994961923,an example truth hiding plain sight nightingale white elephant never staff patient required bring own care team does anybody know many treated https co jppk
1288852832297398272,chewy sky reckon rock hyrax fella since related elephant really saying still good fit
1288852121727754245,may bird paradise fly nose may elephant caress with toes best song line heard ages yours
1288849411683098630,blindedbeatpoet word man quonstanly aware undertone like deep notes elephants hear play disharmonious beast whistles outside human hearing range question this pederasty conspiracy became status quo among decent deluded citizens
1288827548403740672,let talk another noise maker elephant consortium wait saa problems stench corruption the tutulage macozoma date back tenure mbeki ample time power set the right tone the country war corruption https co hwgi iyb
1288823516280823810,discover amboseli renowned its large herds elephants the impressive views mt kilimanjaro snow capped peak days night kes per person sharing https co reomhwzt
1288822600462929922,bad instincts bad data on find data confirms pre existing beliefs choose research experimentation methods previously exposed you see part elephant mistake trunk the whole animal call data driven
1288822368165605377,day jewels serengeti glimpse mighty lion pursuit prey marvel majestic song elephants more contact the details trip diana dream vacations https co yznec serengeti tanzania africa https co fepxf
1288817736777437184,remember blind men elephant one blind man felt leg thought tree another grabbed tail believed held rope blind man judging the portion experiencing without knowing the elephant actually https co qfem falkg
1288813915103666177,love elephant mother its calf https co vygkt euyy via facebookwatch
1288811993860841474,linda stevens reason adult elephant rip chain the ground conditioned behavior
1288811896263651328,expedia drops elephant holidays site expedia spokesperson quoted daily mail jul fernadez reports expedia said drop elephant holidays its website expedia spokesperson said earlier year part https co sffzyic
1288809337725448192,gotabayar during time vishna elephant dalada temple dances hours without water dressed long robe even ears covered idiots country know elephant moves ears every seconds nessallan
1288804105922719747,thinking lot this including filmmaking sensible set novels current day its lockdowns masks plastic gloves ignore viral elephant room covid amwriting thebookseller https co ajykktmz
1288783004639408129,ste kenya janewynyard love animals elephant takes heart younger was lucky enough get ride upon elephant think been the highlight life far two thumbs the elephants
1288775140285779970,seasonalight citznsclimateuk anthonyoxon oursacredgrove reason capitalism pandemic both curse extreme form practice much corrupts slave labour bad practices supply demand market forces etc deplore its elephant room politics must drive the change
1288757545268588544,tupp phylmurphy not officials special advisers are advising handing the bags squirrel droppings sometimes bags elephant droppings
1288751416442576896,site became inn blacksmith cutler culter the trade knife making repairing their crest full elephants including elephant castle back https co n ilxk
1288720689839501317,turned be way all coz dont have spine address elephant room your fraternity the one have ruled gloriously yet word empathy bereaved father family young star star the restless nation shame https co rtncl ufur
1288719254347382785,know dandeli wildlife sanctuary its trails dense forests home animals including black panthers monkeys elephants well many bird species let know you have visited and share experience staysafeeveryone dandeli https co ziqfuhb
1288718911521816576,harrogatebc excuse not paying its workers living wage afford curious that council can seems afford spend some completely unnecessary feasibility study whether build white elephant
1288715451594240001,kittukrithika new policy ignoring elephants room its already hailed radical far reaching etc
1288698101558136832,mirzanasara mashallah great photos specially ababeel amazing can find birds australia well quran mentions with honor surah fil chapter elephant
1288681745303375872,jam kamal jam kamal government like circus beneficial work community and can say like tooth elephant for showing
1288673837630894080,attitude toward centrism nicely summed this quote desmond tutu elephant its foot tail mouse you say you neutral mouse not appreciate neutrality https co zpaiu nmt
1288671645331316737,one bite time eat elephant improve everyday honestly say getting easier easier everyday https co xepzsqz
1288665977064914948,iamcraigdaiken rml josephstanley realcandaceo you worryd abt russia china ovr billion ppl russia half population amp pimple elephants ass anyone going kill chy begin facts name good thing biden the black communty years gov youaintblack maga
1288652234415386625,atlas power people holding people based inexperience amp gullible bullshit lets not hide elephant these rioters being paid destroy communities all you scared can suck amp shove 
1288651084186234882,time tell rafale a game changer white elephant like aircraft carrier existing flight safety record iaf also raises questions handling https co tao hdhxc
1288643091361157131,little dolphin written illustrated katie mcmorris followed riveting companion book little elephant years old wrote elepant https co dzfsyxot
1288642396616564738,mnorman kimkarlin angeiina codeofvets realdonaldtrump person qualifications get certain jobs want also have look amp act successful get going even has drawbacks don look like elephant man won get hired c jealousy you are married
1288633306343518209,bunkyosha three weeks since release number copies exceeded elephants ganesha the grim reaper make dream come true https co hqcwhiuh
1288631650239369217,week blog explains re fighting bcwildfire impacts elephant hill https co vany nd destructive wildfire the province the record breaking wildfire season covering hectares peak cachecreek ashcroft https co ai rxj
1288631559877206019,yrs old time resonate like also reveals elephant room hurtle general election britain tying future america being remade radical alarming way trump https co nzscuvrhik
1288622631344840706,like last one comes its elephant
1288613927408906242,izurietavarea chsommers the elephant supposed ride bike the stairs
1288607856229523461,nonhumanrights pawsark beulah amp karen died neglect amp nhrp considering next steps elephant rights litigation minnie behalf the connecticut supreme court declined hear case should considering what needs done
1288601698290798592,letter guardian really interesting points elephant room inequality its role environmental degradation climatechange https co dqamrvqg
1288595478557466630,african wisdom elephant never gets tired carrying own tusks liberia
1288591005051060224,storm https co xnb bfo storm storm angry bull dangerous destructive charges stumbles across land like stomping elephant air rumbles feet thombs air rips the house its
1288589671434530817,crentsch apart have romans ever done seriously though are absolutely right von neumann complained that parameters could graph elephant with you could make waggle trunk actually done using complex numbers https co grdnoeyaea
1288587824841863171,nice now good excuse not reading elephant
1288586090958315523,https co aqrgxo storm storm approaching elephant big gray dangerous animal stomps over jungle securing animals like big gray shower its track hes track slapping every
1288585365654138880,bigjebbos amazing lengths con inc for scraps silicon valley dinner table dissuade audience see biggest monopolist elephant room since rockefeller bell telephone
1288579216162906112,mulorm mieyolisa kakwina ndavu kwaten heard few individuals the elephants side wonder they came
1288572524314451968,anyone else baby obsessed tags the tags stuffed elephant tags near tail this girl fall asleep nap tags in her hand
1288571286948581381,phelisexuality also update screws some haircuts glorious ponytail outfit equally fresh blows far elephant gun tho nice definitely pvp gun in towns post office
1288571169453596672,kvprada elephant inside ufo okay
1288567010519969792,elephant seven blind shorter cousin dilemma engagement neocolonial project admissible interpretation plausible representation nirvana ultimately real intrinsic nature hypostatization mereological nihilism momentariness https co wboxqejf
1288560166338793473,antonyslumbers elephant eat takes cut turns into another elephant its flies
1288555514255876096,bbclooknorth badly run chief exec terrible job itll well break even likely never make profit years reopened still number empty units despite prior opening claiming units taken white elephant
1288555497403031552,yall gonna redo puzzle back peanut butter capn crunch box been damn elephant the same damn circus years realcapncrunch
1288552371845500930,lions elephants bears oakland zoo reopens the general public today the first time since march first opening doors members monday https co uaflblzqn https co gkodxt
1288550224240222210,responsibilities comes land its resources can want land the youth grade still learning draw elephants trees can want the land educational system no different the bantu education financial literacy
1288549050523045894,elephant room regarding anc members amp leaders get income the anc take questionable decisions the business interests internally contest policy formulation veterans leaders members the clutches questionable business
1288544485912260608,one indicators elephants age length tusks young adults feeding beside dried rive animal wildlife elephant mammal portrait face blackandwhite tusks namibia africa desert https co prhtwcwgir
1288540147399655426,deathdrive arreeee the emotions like anything abt elephants like god cant beilve a real animal teh earth living life
1288534617453203456,reminds description mr trump first press secretary several weeks role look sad clown has given job following the circus elephant round sweep its droppings think apply https co hphvn p
1288533568797499393,reece dinsdale reminds description mr trump first press secretary several weeks role look sad clown has given job following the circus elephant round sweep its droppings think apply
1288531814873694209,love grouplove song said shazamming find actually cage elephant
1288524193961836544,new week new arrival menswear lovebrandco british label offering sophisticated summer resort swimwear s committed helping elephants other endangered species donating percentage revenue cause harrods https co wwpoxkxzvz
1288522525723389952,taralarosa stillgray lucky lot gasoline still liquid form more gasoline vaporized would been hit much much harder one gallon liquid gasoline gets vaporized the explosive force sticks dynamite
1288522509931905025,ericama joebiden china imprisons muslims christians amp citizens harvest organs amp sells kills elephants amp rhinos their tusks amp creates world ocean pollution amp air make excuses them wow side evil truly lost
1288522355954847745,cancersurvsm cssmchat fact been common news its damage black lives acknowledged years years will breakthrough moment occur leads substan change rather more nods acknowledging elephant room crushing 
1288521257139535873,desmond tutu words neutral situations injustice have chosen side oppressor elephant its foot tail mouse you say you are neutral mouse not appreciate neutrality
1288516362692890626,yashar yes esp non dairy put elephant label
1288515319083020291,mika barking grass think would too according google photos an elephant hawk moth it rather huge spike tail end a https co zcvit vj
1288513340302491648,today sent letters local state amp federal agencies urging immediately investigate the commerford zoo publicly acknowledged inability provide basic care minnie elephant are imprisoning property https co bdilzisvcu
1288510850396037120,july david bowie debuts stage actor broadway elephant man high reviews favorable performance bowie played lead role play performed great success its completion january https co zxwrfrqvmz
1288505069462315008,simoncalder article today independent leaving omits significant context ba profit fraction billion made last year waterside always white elephant https co qjumvh zoo
1288504171264643072,blacktopmagazin andrewryan despite appearances litre shared doors the landcrab course made look similar is structurally quite different car makes the a ridiculous white elephant course
1288497705384325121,gopleader gop ers riding donald trump elephant trunk right oblivion wake kev know are smarter that get the trump train you its going crash soon
1288493951213854723,citizentvkenya daigeo sell tusk someone else btw tusker gained name kaburu founder the brewery got killed elephant hunting gun jammed got trampled dust
1288490102788894721,baby elephant put feet mother tumbling https co uheat
1288490073659514880,baby elephant put feet mother tumbling https co puirrzm
1288489223587155969,gannuuprem beauty temples elephants petaindiaexposed its gangs trying valiantly destroy now exposed
1288489054368157703,makoraouma daisykenyan ous elephants not going river rabbit saw its way river monkeys dontvhave hands not sure they carrying opuk
1288484526960840705,mangaung metro spent million renovate taxi rank nobody using today white elephant not angry enough ancmustfall
1288482737477713920,gsgarima gannuuprem meshivamahuja comparing elephants dogs most loyal dog lose temper sometime someone provokes elephant stick not hurt control but mahouts use only dire situations elephants treated part family temples
1288481030576513025,koko matshela npa prosecutes politician say didnt join politics poor consortium called elephant ate telkom knees was top benefitted hugely the deal administration nothing happened yet npa all evidence siyabuka
1288473152952176641,https co akwd can zoo civilised country keep solitary elephant confinement without feeling unbearable stress suffering keepers fortunate living animalrights endspeciesism
1288469539525726209,comes improving health diet seems that elephant room poverty low income slightly touched health inequalities the discussion unfortunately think needs far attention its recieving foodstrategy
1288462269643468804,aldasoro brad setser elephant room does fed care much fund managers lose shirts leveraged ust trades usts seesaw few days its appetite volatility low
1288461940566745088,please dont even think practicing self situating analysis would nightmare digest lovely sweetened domestic audience though barbed batons dragged you buy white elephants though https co jmpeqjnhlt
1288456104289005568,hope india plans double forest cover ensure safety elephants and other animals railway lines
1288456030289100801,elephant fall ground manage despite weight get try give failure sheriff
1288453376716320769,don just well show nature hoping in presence magic rest nature decide show put day brute forcing way the boundaries tiger elephant seem worthwhile
1288451473014128643,new welsh curriculum achieve purposes another maybe smaller elephant the education room https co gmfpcg
1288449526458540034,hauled its back group four swayed side side elephant took meadow grass growing elephant belly right middle clump a tiger resting mahout egging the elephant get closer closer
1288428757452283905,last night dreamt advising ex husband best drunk elephant eye serums buy anyone would like unravel clearly confused psyche much appreciated the shaba complex one btw pricey works
1288413297981628417,jackspa account temporarily unavailable violates twitter media policy learn
1288407386458329088,full support signatories letter ual needs stop involvement social cleansing happening elephant castle https co bnp tkk
1288398057214599168,hneywonwoo pledis that tooo arm hahahahahahahhaahahhaha pinch bit betweet two moles ll get elephant s idea
1288396463316201472,the crown isnt elephant but maybemy eyes see wrong https co mhpk 
1288393730014228481,vishalgulati borisjohnson great question think real desire solve problem like us a tendancy they gone easy targets first elephants the room rather the conceptual elephant
1288392723591028736,jackgavigan paul clarke peterkmac mean we encouraging govt change mind things like recall time plenty people thought bad idea said the point building something realise a white elephant because announced 
1288391768942080000,today celebrating globaltigerday among four tiger reserves tamil nadu anamalai tiger reserve approximately tigers across landscape also home population elephants crop depredation the rise https co zmmumbffcs
1288391385616388096,full solidarity this letter not stand silent brutal gentrification displacement traders elephant shopping centre hands ual its fellow investors https co ilqcijqnya
1288383522068201473,bbi unit hypocrisy that supporters hypocrites carry elephant yr head unless run suicide options hahaha https co al
1288383001852862465,indian state amp civil siciety political elite media white elephant army definition pathetic losers shameless core spineless the bottom yukh thoo fabricatedindianmedia
1288377796885204992,nationbreaking omaoenock funny guy wanted the for ivory trade the elephants rhinos not
1288375386259292160,neutral situations injustice have chosen side oppressor an elephant its foot tail mouse you say you are neutral mouse not appreciate neutrality desmond tutu
1288372212991275011,animal circuses shutting dropping cruel animal acts yet loomis bros circus still forcing elephants amp big cats perform urge join many modern humane circuses ending cruel animal acts via peta https co eyxjcakzdv
1288370389840781312,suziegeewizz museandvent bonjalon is endorsing overpriced white elephant will used way funnel money already rich know mps bought land property route can profit this kind fluff politics referring https co ngjhxgow
1288368474121818113,yong bermondseytrees burgesspk peckhamvision livingstone yong based political mandate southwarklabour members aim gain said area policy one thing appease developers elephant canadawater another elsewhere alchemy
1288360287800709120,vivekmathai kochi full confusion bureaucracy makes difficult execute the item corp engage white elephant projects meaning ful works because kochi metro inroads got life
1288359930882191360,the little elephant charm https co xqb qapelj
1288359850485874691,result gigantic elephant fart government involving things knows nothing fiscally incontinent rewards productivity gains govt could refinance trn debts would cost a year interest
1288344895736827904,god really feel much shit the whole elephant ride scene game fuckingggg ghhh the vulnerability all
1288342312297340928,pattyjenks neutral situations injustice have chosen side oppressor elephant its foot tail mouse you say you are neutral mouse not appreciate neutrality accountability entertainment
1288339463622610949,elephants collide grass suffers massive encounter the norwegian eliteserien today aalesubds start can absolutely anywhere aspiringpunter https co qrfifvyqpr
1288336303311007746,animal circuses shutting dropping cruel animal acts yet loomis bros circus still forcing elephants amp big cats perform urge join many modern humane circuses ending cruel animal acts via peta https co dyn
1288320663762145281,ethantk assume move the rate elephant size modern day sloths only slow its survival tactic live trees ground sloths can tell their name live trees they were not slow
1288300519337996288,least one elephants room apple already longstanding platform app store optional mac very the developers care are present app store the terms aren good enough the mas wasteland
1288294888002527234,beachdood jaddhashem ajpapagno joebiden damn capt spelling got spelling gotta love galactic idot only point grammar flaw cant comment fact would mistake elephant pedophile tho cause the truth sux you
1288293849308291072,bryandeanwright one likes talk elephants room much easier blame invisible boogiemen thats the problems never get solved
1288286515798446080,new elephant rifle red dead online pretty cool ngl really powerful weapon the compromise recoil ammo capacity say well balanced
1288276155532009472,emoboyfei black madonna cage elephant finished its cant handle changed roar
1288275921108176896,animal circuses shutting dropping cruel animal acts yet loomis bros circus still forcing elephants amp big cats perform urge join many modern humane circuses ending cruel animal acts via peta https co zpzmsxvqbc
1288274034766028801,danteondeck obvious serious knee issues months and still play knee issue be fixed thats elephant room
1288265218338861057,elephants weigh less tongue blue whale heart blue whale the size small car cockroach survive about week without head dying starvation https co qyfeicaudi
1288259454949920768,cant watch news anymore too disappointing
1288258926367006720,neutral situations injustice have chosen side oppressor elephant its foot tail mouse you say you are neutral mouse not appreciate neutrality desmond tutu freejagginow freejagginow
1288257477017047040,neutral situations injustice have chosen side oppressor elephant its foot tail mouse you say you are neutral mouse not appreciate neutrality desmond tutu freejagginow
1288253695583490048,allsiain lately lol been ages just pops lol like talking elephant the room twitter built lol
1288246372420988928,pantksp xhinua media brigade lost credibility one believes keep writing articles keep begging countries team china when dragon spews fire elephant licking wounds single country name stand india mark words
1288240347751936000,heatherleaolson marklevinshow want get back feet are living beside elephant about collapse drag with biden rest commies turn the into third world country
1288225082683330561,fieldmuseum sure puts things perspective one compares size size enormous elephant those totem poles yikes everything
1288218937713471491,animal circuses shutting dropping cruel animal acts yet loomis bros circus still forcing elephants amp big cats perform urge join many modern humane circuses ending cruel animal acts via peta https co wmxbe
1288211314016497665,heal matera bedstead double daino leather elephant grey black feet unique furnishing matera bed sleek modern design made traditional craftsmanship taking name the southern https co kkael kin sofas interiordesign like retweet https co edmheyv
1288210410466762752,danabashcnn not coronavirus hurts trump incumbent say to ignore elephant room trump pathological liar malignant narcissist amp pathologies why fails not trump behaved different the virus
1288209715219046401,animal circuses shutting dropping cruel animal acts yet loomis bros circus still forcing elephants amp big cats perform urge join many modern humane circuses ending cruel animal acts via peta https co gzbr jqpge
1288208708862976006,animal circuses shutting dropping cruel animal acts yet loomis bros circus still forcing elephants amp big cats perform urge join many modern humane circuses ending cruel animal acts via peta https co ctp bpq
1288178825398894593,delilahsdawson place word elephant writing placeholder sometimes names elephant elephant
1288178541322878976,rednationrising elephant its foot tail mouse you say you neutral mouse not appreciate neutrality
1288172637370236928,colbysari still the elephant all flat
1288170608979775490,download stream fams have waiting big collaboration like share links art cover new wave blast elephant beat boss yosir kenniel sounds https co ggzspsrzz https co vhq alnb https co qpaywvk
1288170312140562432,download stream fams have waiting big collaboration like share links art cover new wave blast elephant beat boss yosir kenniel sounds https co rxljroet https co whm wwnb https co nsemp
1288168859455885313,evening post large tusks small trunk one thanda safari breeding herd elephants morning drink safari lodge a short video smallest calf its tiny trunk the https co olahlucv
1288162829787451392,know three people died covid three are recovering recovering said let anyone tell its flu like elephant chest walk across the room without passing and could eat covidisnotahoax
1288157498445369344,school supposedly closing doors due financial problems caused pandemic this might true definitely reason elephant room mismanagement the whole debate sexual harassment racism amp gentrification
1288156246978306054,every day much closer seeing whole elephant every day still caught its penis like skin
1288155794932813824,new dog barking the elephant going way has the way https co clzndii
1288155496025862150,animal circuses shutting dropping cruel animal acts yet loomis bros circus still forcing elephants amp big cats perform urge join many modern humane circuses ending cruel animal acts via peta https co mrpzih
1288153917302292480,dbongino because pass cognitive test pointed giraffe instead elephant
1288152964591476742,curt please talk elephant the room santana sexuality plzzzzzzzzz funny shows funny knew
1288148709784551424,includes tales conan abandoned freeway thr sea receiving powers ankle band given the gods include elephant demon holding guy trunk made far thread your reward
1288147857921519618,today blog explains re fighting bcwildfire impacts elephant hill largest wildfire the province the record breaking wildfire season covering hectares peak https co vany nd cachecreek ashcroft https co cpfi ttnhe
1288142832897871875,lets talk elephant the room expecting ltc xrp explosion btc gets done shit storm
1288142605604327424,cathryntownsend aiyanakoka far charitable most hereditarians even elite class believe hereditarianism its scientific value because justifies racial amp global inequality natural part the social order
1288133963786092546,it continues sad news the local food industry elephant bun kitchen cowbridge permanently close doors https co ujy squlx
1288133717303660546,need large strong elephants pull everybody else went always try walk other way natural https co syljq
1288129476929388546,daysofscooby day scooby wouldn show children scooby dooby guru its entire plotline revolving around random indian man chasing the back elephant reason incredibly racist scoobydoo https co qqznqunzr
1288124608269316100,morning woke craving taco bell feel need hug elephant going odd day
1288124527453409281,what best interests student student athlete other administrators athletic staff you extra slice pizza whatever man freakin let talk about the oversized elephant the room
1288120909899825154,markbspiegel zerohedge whatever system mutually beneficial personally interest hunting elephant there people want pay million protect rest wildlife go clearly system produced elephants less
1288120202991788032,itsameluigi very confused read first line ramen orange green tea then saw second line elephant violin elephant ramen was like that xenoblade copypasta and just idiot
1288107771003408385,ayjayceee thetwopointone jimspencesport southwick maroonspecs heartsrant heartsopinion perthtopaisley jamb skickback jambofantv amoruso aroundthefunnel anthonyabrown detroit book offtheballbbc just invisible elephant room everytime yet another tedious recollection helicopter sunday see trunk curled round undercarriage hanging dear life trumpeting the time save only mouse called timothy like dumbo
1288104373407686656,whoacristy saturdaybloom breeuh drunk elephant got bit odd texture work but s soaked great want try biossance squalane one soon
1288101090261639170,animal circuses shutting dropping cruel animal acts yet loomis bros circus still forcing elephants amp big cats perform urge join many modern humane circuses ending cruel animal acts via peta https co abczbbgmrx
1288095064225468416,jwilliamscincy hang here householder taken bribes prop unprofitable unsustainable dirty sources energy elect band cronies dependent you say potato say elephant its trunk cookie jar
1288088021611491328,america lost dominance trump era know elephant room lead being elected know the root cause tuesdaythoughts
1288084580801613825,dodo are all running away not pissed man eating tiger glad scary elephant got
1288081590363607040,neutral situations injustice have chosen side oppressor elephant its foot tail mouse you say you are neutral mouse not appreciate neutrality desmond tutu https co dwf uxfphb
1288078470682038273,charmeddimitris combs elephant living best life
1288074653408337922,eventually probably built then the nation see monumental imbecilic waste money and always worse herd white elephants billions wasted seems osbourne major interest progress https co oobswn gdd
1288070052311269377,mikhail wild things x hate the door ramming level beyond tedious makes least favorite level far also hard mode pretty much have collect save ammo all weapons want kill that bullet sponge elephant
1288068589493407752,animal circuses shutting dropping cruel animal acts yet loomis bros circus still forcing elephants amp big cats perform urge join many modern humane circuses ending cruel animal acts via peta https co zcijdbmizr
1288066680879382529,miss impurity understood god may get spiritual growth understand little him may you have reading wrong from wrong places find more dont judge elephant blindfolded realizing elephant piller touching feet
1288056259942518785,neo think prince said gona address elephant room far hear lovin one another family talk apologizing ppl understand bigbrother game bbnaija
1288051787912622080,was singapore said the elephants fight grass suffers some one answered quicly the elephants make love grass suffers mwalimu nyerere interview saeed naqvi https co runufmzzhd
1288051407648522240,animal circuses shutting dropping cruel animal acts yet loomis bros circus still forcing elephants amp big cats perform urge join many modern humane circuses ending cruel animal acts via peta https co mrxnzimuc
1288050348112801792,anulekhaboosa feel like everyone thinks same even express caps nothing gonna change usual street dogs keep barking elephant moves elephant eve care like wise rahulgandhi keeps saying shit without answering questions
1288047537774043136,cant sleep your body wants heat make you turn elephant your medicine doing job taking the swelling awesome https co uaxdwq
1288046673919451137,beingnationali sadhavi check the story thiruvanakovil jambukeshwara temple elephant spider instead bull
1288038727235887104,nair even regime paints elephant stripes says zebra indians may believe d h nair
1288034987866877953,qtanon dangerous big elephant thought people hurting young
1288027354867130368,girl gwolf thai woman walked baby elephant along beach mornings saw sea ran play didn know own strength learnt quickly run swim was deep follow would howl amp fire water its trunk come back play
1288025927172194304,animal circuses shutting dropping cruel animal acts yet loomis bros circus still forcing elephants amp big cats perform urge join many modern humane circuses ending cruel animal acts via peta https co anqmcckh
1288024996833406976,mmasnick well constructed own face like telling people stop thinking elephants want ignore something don embed reference your new hashtag perhaps cunning plan virally spread talk the virus amongst pre existing disbelievers
1288020618747813888,traditional handcrafted lakshmi coin elephant nakas jumka cheerful distinctive pair earrings exquisitely ornamented lakshmi coins fine craftsmanship the art fine jewellery reminiscent bygone era https co quhdw
1288015411112534017,murphgothic wolf creek absolutely michael haneke amour was enough think could ever bring watch elephant man cannibal holocaust its way remarkable film that definitely happening
1288012483505127425,size mattered elephant would considered king jungle guse its lion
1288008831549739011,wives please give husbands sex morning boss here behaving like pregnant elephant clear didnt get
1288008286306852864,rajagopal geetaraavi indianrajeshnco brijulaldwajrar dariestas chowkidarmewar maxchelur priya payalyadav anilkhanna raaga kumarknv vinayakven sahilchawla divyaam anuragtonirvana peshinkp shalini yoga abdhija satya india last big ground these abrahamic religions clash de consider hinduism religion a big elephant compitition gets bigger chunk meat amp like can find our sacred texts funny it
1287994066299269121,renowned its capricious weather modern times pleistocene its lowered sea levels served landbridge the korean peninsula the island kyushu japan allowed animals naumann elephant enter the japanese https co gzijpx
1287992673954078721,animal circuses shutting dropping cruel animal acts yet loomis bros circus still forcing elephants amp big cats perform urge join many modern humane circuses ending cruel animal acts via peta https co sro fwyto please
1287987444579733505,tubeoftheday tuesday train bakerlooline position marylebone platform its way elephant amp castle underground station reply spot rt share https co rtohtkpkf
1287981948158136323,animal circuses shutting dropping cruel animal acts yet loomis bros circus still forcing elephants amp big cats perform urge join many modern humane circuses ending cruel animal acts via peta https co ffyzwyc
1287979491130855425,ramlalulu following footsteps late elder brother hon peter muigai kenyatta elephant man alleged ate full goat one sitting
1287974894840446976,ama jameslingford brotherhood npinto biorealism itsbirdemic ehbea evopsychscience royalsociety rjhaier definition circular reasoning measure accurate well correlates expected output should expect correlation cause lynn said the problem the correlation true the data accurate by long shot
1287947557243703296,cz binance everyone hesitant give tomo try brilliant architecture eco system amp ready toe line only matter time everyone realizes elephant room tomochain excited tomop coming soon
1287945579327303680,animal circuses shutting dropping cruel animal acts yet loomis bros circus still forcing elephants amp big cats perform urge join many modern humane circuses ending cruel animal acts via peta https co tzvo mvd
1287944983002005504,sharikasoal you hear the guy invented lifesavers say made mint you never see elephants hiding trees they good does penguin build house igloos together
1287944648695062528,chazariallc will actually address elephant room
1287936933054656512,animal circuses shutting dropping cruel animal acts yet loomis bros circus still forcing elephants amp big cats perform urge join many modern humane circuses ending cruel animal acts via peta https co oonirfvcw
1287931661351399424,desmuchipisi emerg research desire comment funny really hits core matter analysts investors pretend though business usual lets address elephant room will markets reopen are risks extended suspension political context etc
1287926143115567105,sgtreport interest rates elephant room its taking crap the floor
1287922548164841472,years business spokane said goodbye white elephant yesterday observable nostalgia joy all ages its final hours libby kamrowski spokesman review local spokane https co xzu
1287920004512587777,hormetik emeowwww pretty obvious elephant eating grass stomping over veggie patch killed then went avocado toast tofu dinner
1287911101766631424,thehfwarrior neutral situations injustice have chosen side oppressor elephant its foot tail mouse you say you are neutral mouse not appreciate neutrality desmond tutu
1287908973593542656,lijiangbay known most beautiful bay guilin landscape located qingshan town lipu city guilin are six animal like mountains like elephant loong hawk its idyllic scenery marvelous spectacular unforgettable guangxi china travel https co qgkedxmqy
1287905432950968325,teitr podcast mfa china surprising see elephant room guess pink right
1287904134482612228,could feel enormously swollen lower half brush then press your legs table legs like elephant squished around enormously overblown set nethers taking almost the entire table space wrapping completely around support
1287887105369075713,ham cheese sandwich cage elephant sandwiches just good
1287882522068582400,challenges eritrea endured last years now africa the back burner the fight the economic elephants eritrea making good use enjoying quite time work its national development happy https co zmv tydh
1287880046162489344,atusheee complete nonsense elephants wild animals very good memory possible been coast and just re visit elephat coast nothing with coastal situation eevambulanda omuna oipupulu nai
1287875805553467393,rwanda became one world great conservation success stories restored akagera national park first time years the big rhinos elephants cape buffalo lions amp leopards again graze amp hunt primordial bliss https co fiftsenq
1287867928293998592,tarts take lemon brightens drink fairly sours take elephant heart plums felt upon mouthfeel brettanomyces yeast embellishes light musty funk berry plum body its lactic tinge watered honey slightly sweetens drink
1287865522348896256,governorbullock lets stop big elephant room community transmission safe its not safe the staters rules kicked staters out save state moral imperative save lives be lazy listen this
1287865456393560066,thedvsmarcus quarters play kiratsinghd intodaysforcast terrible bringing bramptons youth way brought think whats common denominator brampton issues such white elephant the room
1287863005418487810,generalmcmaul pet elephant gently thank its cerebrospinal fluid
1287844756001820672,matt kempez brexiteers focused unelected bureaucrats irony considering spad amp immigration right wing economy elephant the room will destroy bring country knees
1287840978964021250,carrieunderwood caliabycarrie love carrieunderwood always good christian need stop building wealth though think what written bible easier elephant pass the eye needle for rich person pass the gates heaven lots love
1287837072678703104,nbcnews experts claim elephant hang the ledge cliff holding onto flower using trunk right
1287833987772289024,yes flying elephants party toughness amp john wayne bullshit always selling fear so fucking boring tired always the same shtick these people got nothing https co u cn
1287829619744346113,ali naka edmnangagwa ministersbmoyo malawigovt lazaruschakwera mynassah levikabwato skchilima whats the trade baby elephants guys blame others mistakes high own the right thing enough resources sustain economy our problems home grown thats fact bad policies nepotism corruption https co hsobzu
1287824704204660736,put two requests nfhs org their zoom session way karissa niehoff president what done transfer eligibility pandemic they not answering an elephant the room nebpreps
1287824311022166016,put two requests nfhs org their zoom session way karissa niehoff president what done transfer eligibility pandemic they not answering an elephant the room
1287822120181956610,peakoptics thewickedchild ahor acreofsnow ehbea least better using pisa worse given measure scores year olds instead adults also know world map showing results step piaac globally there one usa piaac results the county level https co jwe h
1287808255931097089,corkieblaylock hawkingdead mitchellvii interesting think see violence riots away biden wins opinion one enjoys citizens black bagged protest you like destroying property amp harassing citizens right states refuse help citizens who else
1287803954890498050,wurie phree blacksapphic leratomannya it called elephant room its needs discussed addressed light skinned people
1287802790769639424,idesibanda elephants teeth pmoindia neither first time the last govt good its capitalists friends barking years silent years all bad been done years s public choose but s achievement
1287802725993009154,neutral situations injustice have chosen side oppressor an elephant its foot tail mouse you say you are neutral mouse not appreciate neutrality archbishop desmond tutu
1287797907588935682,andal temple also called ranganayaki shrine northwest the kesava temple outer wall decorated artwork elephants nature also displays large images deities the vaishnavism shaivism shaktism traditions hinduism https co ery presxd
1287788007198797824,youre moldy infectious shit nuggets get stuck elephants asshairs its drinking stagnant water has explosive diarrhea weeks hasnt cleaned properly
1287779888183861248,the elephants fights grass suffers
1287772038480846848,randallmcmillan soledadobrien her nose her walk thailand vacay villa hua hin met baby bull a leash grazing along road way sniffed other turned trotted away trama weird other dogs curious she responds elephants
1287758654867935235,dhoffman housegop senategop read you post result condemnation obama more criticism congress one make regularly congress hoped trump presidency would unite jackasses elephants take legislative mantel https co tvezejfedm
1287746272833572866,elephant carrying himalayas head its curled trunk srilanka guardianowl breakingnews https co puwf ywpp
1287744043200413696,neutral situations injustice have chosen side oppressor an elephant its foot tail mouse you say you are neutral mouse not appreciate neutrality archbishop desmond tutu southernkadunamassacre
1287742083063783426,chrisnyamandi sirw batsieku mofa you call neutral elephant its foot leg rabbit you remain neutral sure rabbit appreciate neutrality
1287740707004874752,south africa wants address slow rate transformation sport nation have face one biggest elephants room according springboks icon tendai beast mtawarira https co jegst
1287737361355476992,glasscorridor missspectaclesh imlovinjustinbe taracartergmc borisjohnson think everyone knows scale depth inefficiencies within nhs elephant room system put place
1287733666282692608,perhaps party change mascot elephant mastodon glimpse the republican party trump look california https co lztv jtnzg
1287732627143684097,chhattisgarh graceyard elephants elephantkilled axed pieces buried fields extracting tusks illicit ivorysmuggling three arrested dhamtari district chhattisgarh elephant remains retrieved the fields elephantsupport https co xrirjyz
1287731189969821698,discepuer simondolan yep easy elephant room discuss its around bit https co ouvppwxlmn
1287704661701668864,dariocampetti superredwine fact country society people fed the anc for out aside racial divide focus downing elephant created the system use every intelligence have dethrone democratically
1287700908994752513,goddammit its fucking elephants you calm fuck any time soon pls https co orw xpul
1287681393129127937,another top mainstay admiraluk brand private motor insurer with elephant diamond brands also portfolio admiral little way go matching axauk amp avivauk brand dominance research https co ydia olt https co ptorpfpzdp
1287679828108484615,thepointwithlx old african saying when elephants fight grass suffers the friction n china adversely affect already fragile economies developing countries particularly african cooperation solution need strong china usa possible
1287675355030052869,baby elephants suck trucks like baby humans suck thumbs they reason comfort sucking trunk helps young elephant learn control muscles the trunk it fine tune use factoftheday https co wsozvw oaq
1287675223295307778,parabellummmm rasmansa benwinegard jameslingford point why authors study economic growth used lynn data deal despite controversial nature lynn national accuracy not confirmed used piaac data anyway least knowledge no individual level data piaac 
1287671274588770304,raining cats dogs elephants the whole zoo karachi karachirains
1287654683041906689,elephant hawk moth living parts europe amp asia ireland japan name refers elephant like aspect wings spread like large ears pink spots body look like outline eyes top lead the body long trunk https co lkvvyt
1287651192286244865,elephants considered symbol good luck wisdom protection placing sculpture elephant trunk raised thought attract good fortune showers its positive energy the trunk into surrounding beings spaces bastarart https co yz hqej
1287649722640076805,neutral situations injustice have chosen side oppressor an elephant its foot tail mouse you say you are neutral mouse not appreciate neutrality
1287649675340906496,two elephants fight nigeria always good thing the masses sigh grabs popcorn soda https co kag pqgi
1287646401409822721,trillyocean a bar called angry elephant sure where one would
1287629073691430913,knows collective noun crocodiles large animal like elephant hippo like dies near water not uncommon see many crocodiles come together feeding frenzy amazing photos thisischobe chobe africansafari wildlifephotography https co wxwso ikfk
1287627041974759429,and sadness john let without sin cast first stone grass not used elephants western imperialists amp local handlers for last bet wrestle resource blessed ctr hook crook big
1287625683418701828,adornthyheart like addressing elephant room done without hostility even needed something bothering gonna confront issue that ghosting cowardice
1287612701422661632,erinmperrine realdonaldtrump know everything happening streets indicates america elephant room trump fanning division president ever use private military forces squash constitutional rights people period
1287578079444049920,daily haiku vii elephant returns day spot his mate succumbed death fern leaf extends smaller copy parent leaf young girl reads https co tyykmx
1287573586304208896,mandersonville thought elephant butt elephant side omg
1287571396768362498,citreaes lol hate cuz have the smallest fear brig against almost always expect live its true dmg but shes like little rat elephant reins
1287568203590369280,asian elephant listed iucnredlist endangered calf fully developed month gestation stays womb grow can reach mother feed vivek wild manishariprasad ornithophilei gannuuprem animals thephotohour https co btkyt
1287557489248964609,hurricane trump ignored today blew his stupid wall srsly realdonaldtrump white elephant died however video will reminder posterity watch video https co myn p
1287535812113047553,govanagenna davidj arsenal top premier league table like elephant top tree know got but know going fall
1287531721634848768,cowindridge governortomwolf johnfetterman wolf ignoring elephant room judicial watch filed massive lawsuit for corrupt voter roles knows corrupt democrats with fraud mail ballots
1287513035284926467,does get mentioned connection extremely high demand ivory every set ivory billiard balls btw represents one elephant venn diagram ivory trader slave traders the is circle
1287510966234542080,macgurllaney lol comparison funny not sure accurate wish would breath that thing would super long like elephant trunk could the water lol
1287497437410668545,an oshiwambo proverb translate elephants walk its supposed walking basically mean something terrible the horizon https co mhio weut
1287493947678494722,take elephant hand hold cruel tame thing don know strength better walk beside mm underneath kind companion softens stone gentle giant painful https co rwtxbpp
1287480928844095489,chrisburkenfl fourverts hangover be the alcohol high fructose corn syrup situation enough bring elephant its knees
1287475132252868608,geraldundone big issue canon hype created talking mainly video capabilities with capabilities peoples got excited did expected outstanding groundbreaking capabilities canon mentioned the elephant the small room heat
1287473024921251840,realdonaldtrump foxnews problem not anarchists smokey beat donald trump better dumbo elephant trump dump egomaniacal slimy trump
1287466710719778822,guscontreras how work really irrigation season turn river back elephant butte
1287463195117006852,today spots fireweed chamaenerion angustifidium sometimes also known rosebay willow herb bombweed due abundance coloniser bomb sites the blitz elephant hawk moth may lay eggs leaves wildflowerhour dayswild nature drjoscience https co bcwncpjuby
1287453107195121665,middle pandemic joe couldn even acknowledge elephant room thankfully aca who knows long last even current stripped form stats single person the aca averages month
1287452740512354304,thetrashiesuk smart enough avoid elephant trap except walked entire labour party its massive elephant trap brexit policy clearly can see even misguided conviction
1287449952654827520,spydersensei what people asking long time not exams about social justice govt provides proper education infrastructures raises standard one ask anything are comparing tigers elephants running extremely bad
1287449374977654785,antiokhose land elephant kings really good get reading other work time its adversaries
1287429718434873346,unfortunate people judge level knowledge based kind grades get maybe really care know the gestation period elephant mrs wallace ugh
1287425128490393603,mbitrix usambkenya barise elephant room never put table anti corruption virtue signalers west chinese keep quiet consider cost business the west amp firms decades funneled profits offshore greased the pockets tyrants
1287424831332335616,elephant room never put table anti corruption virtue signalers west chinese keep quiet consider cost business the west amp firms decades funneled profits offshore greased the pockets tyrants https co fpro
1287417115654393858,whatsupmica actually sent someone bag dicks lol theres website its gummy dongs theres also websites send ppl shit the way elephant shit classic
1287415451086069763,qebna initially were confused atk investor club they showing copy ifa atk club dissolved easy try put underwear elephant confusedmacha best confused state
1287413962468884482,chinese elm tree front yard looked like elephant mouth open his trunk high air birds nested its mouth loved saw poltergeist knew going burst bedroom window get https co aipqw
1287413892851916800,bestbitter yvettehenson conservatives borisjohnson pritipatel think also consider elephant room men muslim sure are looking free ride just one extremist like manchester arena bomber disaster way knowing their intent why target britain
1287408813411164162,jitendrpattnaik economictimes turning point started years back our said facebook office time india big elephant take time turn around once change course stopping india atmanirbharbharat
1287405998702055426,gordy paulhutcheon jruddy jeez federalism was muted dugdale gordon broon never even got ground yes only way will regain sort traction scotland embrace independence pity the elephant the room
1287404570637893633,davidpere realdonaldtrump gop may need change mascot elephant wooly mammoth does adapt strategic vision change will surely whither die
1287397456175599617,podcastufo realize davis disinfo agent means puthoff one well correct ttsas ship sinks davis exposed elephant the room nobody talking did davis fake document perform information warfare mitchell nids yes jail
1287387632708669440,samvit dmuthuk can buy wait long elephant moves own hear mahut momentum side one bear mind
1287387593550843904,chris packham cbe adds distinguished voice stae call save asian elephants dailymirror article urge government act abtatravel its members relentlessly promote cruellest elephant venues chrisgpackham peteregan image bbc news https co h bq
1287386578227204098,top kenya known its wildlife elephants cheetahs many species endangered threatened amp vulnerable resson duff animal conservationist dedicated life protecting earth its creatures top environment https co mikswiizof
1287383629694369794,xanonacex voidsbitch quite hilarious people too blind see elephant room perfectly alright them attacking yac started first fact probably even notice you busy simping the tables turn
1287382025394106371,gold breaks way new time high investors coming back home gold usa alaskan elephant country https co ib pk alaska shotgungold tnrgold tnr ng abx nem aem auy fcx https co klzmy e
1287376013236854785,diplomatic feud china won harm countries african countries face consequences say two elephants fight the jungle grass suffer much effturn putsouthafricanfirst
1287369134850760704,kanganateam anuragkashyap double standards honge apparent public isnt getting fooled anymore dont let minor irritations affect voice kangana elephant walks the dogs bark
1287362884562018304,gold breaks way new time high investors coming back home gold usa alaskan elephant country https co ib pk alaska shotgungold tnrgold tnr ng abx nem aem auy fcx
1287362385720815616,livbxyle exact position ive using cerave foaming cleanser herbivore tansy mask benzoyl peroxide amp drunk elephant vit serum amp working dream xxx
1287360560389136389,clairemawisa rhe sorry nna kare setswana elephants dirtier clean clean spray spray hosepipe yours become skon skon like the elephants
1287354576497070080,recent incident pregnant elephant dying kerala being fed cracker filled pineapple shook nation core everyone stood solidarity animal cruelty https co sivs animals animallivesmatter animalcruelty
1287352906103095301,ever mispronounced word the way spelt like cognac lasagne elephant island knife car
1287345022745149444,winterfellt you some kind meltdown reason scots independence popular scots know never happen crisis shown reliant scotland treasury everybody knows its elephant the room
1287339039167660032,shivsena settles unlikely alliance congress ncp its commitment hindutva elephant room indicated rammandir controversy take the issue news dotcom https co bigyjxjvkd
1287318511535239168,mountain ghosts zkat flukejones rustlang elephant room why pin exists btw mem swap type unpin g future async may self borrowing state more one value type you normally allowed juggle
1287317746104008706,segalink kiki fight clear example two elephant fights grass struggles this proving point helping seyitan rather stressing giving more tough time all even know truth and sadly people care
1287313479175569408,beautiful panel chennakeshava temple belur elephants strength lions power horses speed flowers beauty lowermost frieze panel around temple intricately carved marching elephants elephant unique form https co gkeo q
1287308238044635136,raj jagadishrjain ujirerajesh montypanging maverick bharat mki white elephant iaf see economic side then complete disaster every upgrade cost lots money
1287307660560420865,weird all know elephant room create sub systems around fake solve adverse effects instead dealing the actual issue such elite gas lighting mess
1287302785852149761,matthewsyed not elephant woolly mammoth room trust politics shredded politicians tell truth put its kindest everything government announces world beating prime minister sounds like dodgy street salesman trust gone
1287294955585765377,mo vation impressive the key prayer underestimated the reason relationships white elephant projects building houses soft sand
1287290955540774912,omairtahmad say exactly cop but take someone institutionally power take best waste time worst u massaging ego much difficult take actual elephant room know sakets case
1287286904375844864,apple recently hired consulting firm called this real analysis group their report equivalent noticing elephant room amp changing conversation talk how small the room feels https co ygdlw ujt
1287276582013468672,team needs put elephant room streaming services apple music amp spotify cause such jem bro
1287271536987168770,unabergmane idea killing elephant needle yet another reason alexander zinoviev reflect role information use how billions people get brainwashed manipulated only one goal make accept manipulated https co kcu
1287267996587757569,uberfacts male elephant the circus female one wanna see cool trick stands dick
1287267878798934016,wissom letter its models use think covid are accurate not much thewisdomproject covid check swans rhinos amp elephant the room https co dqdeoomogv
1287265837917835270,elephant ben like does mean say accurate gives the impression the stereotype true they clearly defined scientific hypotheses like jussim implicitly posits so ultimately people quantify beliefs
1287263129852731394,seeley understand frustration desire compensatory snacks ignoring elephant room must burn deck ashes its impertinence you must maintain edge mn all us https co mslhznq
1287258848638582784,nifhivefeature upamanyu chakraborty photographed adult juvenile elephant crossing rivulet jim corbett national park uttarakhand elephants travel herds often led matriarch has deep ecological knowledge region its drought patterns https co sthfyojk
1287248263469391872,photo paddy field village chiplun taluka ratnagiri district maharashtra elephant image sowing rice originally published ratnagiri tarun bharat marathi daily july https co ov xu
1287231098242519040,anupamashenoy vinodkarkera madam bother barking dogs quite common barking dogs lions elephant the streets
1287228649620623361,first kind study wild elephant calves found laterality develops even three months age https co axfu
1287222249179607040,two fave elephant anecdotes one crocodile went baby elephant river watering spot mother elephant snatched croc right water stomped dead then flung crushed corpse a tree top the first defense the second rage
1287209198179086337,briantylercohen identifying elephant looks like watch leader usa put round ball hole yeah american exceptionalism finest smart white overweight con man traitor racist worry covid just disappear eventually
1287207364534448128,suddysoapbar tbf though like cat fucking with thomas toy obv shit hope thomas comes back s this animation company however still say the cannon walker bridge worse the non cannon elephant https co podyws
1287194286195380224,tdesigned cclevv ccccc apparently republicans now rebel party guess old elephant some new passengers back
1287192727088779267,trump denyed putin bounties troops hed admit knows can even call hoax biggest damn gop elephant ever camped the oval office trumps evicted have muck cause full muck
1287191093357023232,ryanbrownwjox optics needed amp vision obvious are people cant live without football one season for many reasons selfish greed wont get analyst gigs wont show topics selfish greed selfish greed selfish greed concern empathy life
1287180026262237184,resolution house reps probe nedc may political not avenue those malice the achievements the commission within short period existence smear liken the white elephant called nddc
1287166436264284160,noleftyesty houserectum beastielil debraresists hondoresists connieg toniajohns camilee briansnewheart robbytreeroot robanderson oregon resister vegix dana joie vivre katherineoma katpa selenemoon twhlvrldy queeng life forms say saying don kills elephant its tusks purely greed reason god law broke about adultery the other commandments trump broken
1287149104389398529,sherlockw harrywatson cat guy who was killed elephant put head crushed another got bitten badly big cat and his buddies brought big bag cat chow hospital
1287148533104222208,dlevenstein mean amount rules different awake having sent tweet brain concluded pink elephant coding be coding laptop its trunk paws obviously needs fingers amp work wake compositional replay imagery
1287147408523235331,denying elephant room not make go away deal only can make go away become best friend work roz fruchtman thinkbigsundaywithmarsha rozspirations quote quotes
1287140091220172801,arvalis shelmigh well not unheard males crushing death females pups they fight other they uhm baculum can size man forearm a female elephant seal sound like fun
1287138316027146252,writetake mihiruj akananth rafale break iaf expensive fighter costing than from nation sell tech highest bidder iaf will remain weakest indian armed forces its lust foreign toys white elephants have ramped lca plus astra
1287129483351191553,lfm gojoe maybe republican party consider changing symbol elephant the wooly mammoth
1287123143493115904,b ndibl orioel clovehoof anything larger like feet scares pieces even friendly weddell seal its laser blast vocalizations elephant seals also goddamn terrifying so friggin massive unreal
1287119863362789379,joebiden robreiner vote elephant party existence democratic party much its have right
1287103142543466497,sagaofthequeer radfemjana inclusive language everyone dancing around concept sex like elephant the room reproductive anatomy axis oppression own right separate identity must named obscuring actually creates hostility trans rights
1287099695563767808,dave not spout rumours wasps sympathisers hang boots city elephant castle back not neuisance pest insect coventry city coventryrugby deserve full support re having party the wasps bust https co mok phyb
1287099398611251201,sannewman someone stepped butterfly flap wings kick pollen make elephant sneeze set stampede drive dust air change weather it rained queens mid sept sending fred trump a pharmacy umbrella some rubbers
1287098627643645952,animal meat organs skin bones living walking breathing baby elephant right men take life its mother what local village not africa years ago ignorance pretense https co wwi iw
1287085330462629889,linkedhd especially at best cheesy salesman my eyes absolute psychopath killed endangered elephant watch die cut its tail he helped destroy with constant cheesy lies s
1287077760037343232,birth anniversary jim corbett corbett national park lost beloved soul rip dhingra wildlifephotography elephant wildlife naturephotography https co pfpyagploh
1287074846363574278,thank for its elephant nobody sees https co zsvsvi 
1287071379179933701,spectacular views tarangire river lemala mpingo lodge perfectly positioned authentic safari known its elephant herds birdlife amp baobab trees combines perfectly serengeti amp ngorongoro safari get touch now https co dvps xwpb https co cqvb
1287065456306782210,tramthatslams elephant behind slaughter the thomas friends series
1287063095899193345,government health agency need able trust instead changes school reopening stance fit trump wants covid cases an time worldwide high reopen schools trump got elephant question right https co bitwxtveqv
1287062608328237059,first kind study wild elephant calves found laterality develops even three months age https co zmaxdcmzx
1287059530182873089,floatrblx float please please please make carnival elephant please cute please thats m saying
1287056123229622272,z zestimates elephant room zillow ignores universal criticism they dictatorially imposed the biggest travesty however zglife refusal correct inaccurate zestimates brought attention donotzestimate opt needed blm lbgtq https co lstmkx
1287045049151303681,plgllns account leaving island point one could log island and boost minions got back few weeks reached farming level may was pet update added among things the elephant pet its
1287040367062286338,london canary reports shame engulfing travel industry body abta its members the ever growing support stae call ban adverts resorts brutalising baby adult asian elephants https co dcxgav meganmccubbin ianredmond protect wldlife
1287035490294734850,got suprised other day realising elephants used travel herds big human encroachment anyways perfect time visit the mara https co vwukwio
1287027802810851328,proverbial wisdom us china tensions two whales fight shrimp breaks back vietnam two buffaloes fight flies get killed first liberia two elephants fight the grass gets trampled add animal metaphor make one
1287023026060570624,dominicanraq chubbychaserau probably fair be like flea crawling leg elephant rape mind
1287011879177551872,ealing north stands unique among boroughs june giant circus elephant collapsed castlebar hill died great pachyderm its last breaths bravely staggered forward this day be found beneath road https co rwgvvrlomr https co dhsy put
1287008391437533186,macharajarao mariawirth shefvaidya daksinvrindavan dhyanfoundation swamy rvaidya ranganaathan prafullaketkar sankrant davidfrawleyved peta always targets temple lakshmi latest case completely silent the brutalities subjected kerala christian muslims one elephant lost trunk illegal cross farming forest another died explosion mouth https co dvejjwkp
1287005071155363840,thanks drjoeabah standing justice neutral situations injustice have chosen side oppressor elephant its foot tail mouse amp say you neutral mouse not appreciate neutrality desmond tutu
1286975879365763072,are the national animals the united kingdom bailliwicks mythical every country like badger elephant then like weird yak can swivel its horns
1286956148986445824,egypt been crying elephant tears first filling gerd real interest perpetuate historical injustice ethiopia amp africa well denie ethiopianilerights itsmydam abayforethiopia nileforafrica theafricawewant https co fmthebp
1286954953743851523,mikecarlton don recognise elephant way awkward you point rhino the room
1286954068821315585,arimelber man massive fan show its start made msnbc worth watching jewish music industry whole life massive cube fan did least ask elephant the room been bumming for minuet
1286952746298626048,cyniconrails time address elephant room
1286946150356889600,wionews anthony klan palkisu unbelievable need india ever main superpower region and australia side elephant more than take the dragon trump maga
1286940109367959553,petaindia shefvaidya stop hypocracy killing animal sacrfiice eating meat cruel halal cruelty zenith all try prevent proper care meted temple elephants is effect disoriented minds
1286938831057494016,mikeymgtow mind boggling see attitude today like theyve totally forgotten they not men cannot fight physically overpower man like dog trying fight elephant they face consequences delusion
1286929089518067712,williamhboney baffled outsider closed irish society have aristocracies elephant walk life nod wink bases
1286927024573968384,elephant twins minneriya lk first recorded live twins amp births coincided world largest asian elephant gathering taking place minneriya congregation around elephants its peak https co akqmug
1286925162449960960,even though market cap coinmarketcap means shit its sake ranking still means lot especially new people universe putting trx back the top major goal justinsuntron realistic https co yxtrlilorm
1286924854160236544,cheezymozarella used love elephant house products recently highland stuffs better tbh like products highland failed supply the demand
1286924497262505984,garuda means bearer heavy weight name given lakhilyas the branch which were hanging upside was lifted giant eagle was already carrying elephant amp giant tortoise claws https co v xndmlbk garudapancami ranganaathan
1286916603553239040,davn welcome interesting analysis have bright future increasingly many debates regarding antisemitism hyphen ignore elephant room blood libel accepting christianity its flavours foundational stone western democracy thought
1286912588366991361,brand memorable instill brain elephant its customers that possible treat customer very way would treat investor
1286910724883668993,exquisite xqsit astounding power yields you consider fictitious nature reminds elephants trained stand still nothing unattached rope around legs conditioning clearly works people
1286906197015171073,well elephant thing mon tried stay calm the whole fanrasy sequence all fantasy stuff idk want cringe this laugh its bad
1286903469010563073,chipfranklin donwinslow cause got disney see hamilton amp saw elephants pgm were loving smart strong bonded survived enjoyed harsh place sadly trump saw one from safe cowardly distance shot amp kept tail https co qczvop
1286903285048381440,world never same post elephant thomas peaked over
1286898205528121345,you ever seen elephants wild much fun see play water cool afternoons shot image the beautiful forest nagarhole fondly called kabini like hit exsecular fussy desimojito https co zxhvi jcvk
1286897616861757441,jesawyer male elephant copenhagen zoo died yesterday complications following diarrhea would seem died own pool shit also really sad
1286888986561175552,almaata declaration said healthforall ofcourse never happened thanks mismanagement chinavirus pandemic drtedros ill health all also brings question all countries keep feeding white elephant
1286888648709988353,address elephant room could jews possibly still support democrat party its leftist agenda they unvail unmasked racism jews mean regular citizens the nwo puppets like soros shumer nadler schiff feinstein traitors https co aolbd dujg
1286882789070123010,prachinburi two wild elephants mother child keep village toes the night https co ebsveqnves https co kigmzv
1286881859381723142,its inspiration its wrong its right truly suceeds purifies fails corrupts surah fil elephant seest thou how allah dealt companions the elephant not make treacherous plan astray
1286881374562144262,day botswana safari holiday explore explore finest game reserves search water dwelling wildlife exotic birds remote area delta remarkable wildlife sanctuary world famous its huge elephant population https co giw jfny safai botawana https co esjmtdztuh
1286878617448964096,rosewind one day deer herd arrived shore off lawn height circa apple tree dropped more less quadrennial harvest fermented ground deer drunk skunks elephants was thing behold
1286878018548297729,snowleopards damned smith babetruth wiguy avic wins robertbrownie kester lowers johnkrahn malo simple shaman wilkyway wolfpak allistairgraham savagetomas sdarkmore sbuddie logicalreterg adrianturner edwardwongy willsworldview zalphaprime onychom yorkshirepalaeo cleisthenes rossgilroy takethatchem phoenix derian imp takethatepi badgervindaloo wmmanry oohglobbits tuxlinuxien illinlanecraig jordanrivers orna verum seidlerthomas shrinki cosmiccaptainao ron gaul magnetronmagne remnantofisr dazzlypants helicon leyfenix hotgirlspotted mostly monkey futuresnark eschertology mikecannytalk yes get believe your mind real not works can believe a pink elephant orbiting jupiter much want wont change reality
1286867539750842370,village its culture tolerance levels speed violence etc might herd even within same forest let alone across different longer connected sites ought taking elephant culture account humanelephantcoexistence cccanimals
1286865468490485760,time address elephant room roll smoke talk this shit like mhmmm
1286849420848439297,well school district put its blueprint returning school september all looks pretty good except elephant room plan keep class sizes ratios the same way s safe kids one room
1286846794203357184,looove reveal elephant room give name ride back spend savings peanuts
1286841853820702727,jasondorp katyturnbc everybody hide rorschach cards kevin elephant lying back wearin hat
1286839483942526977,neutral situations injustice have chosen side oppressor elephant its foot tail mouse you say you are neutral mouse not appreciate neutrality ishkarnbhandari official arnab justiceforsushant
1286829130894344192,you seriously kidding stump grinding shirts was beans washing machines cognitive tests identify elephants like trump his virus said going get lot worst the leadership trump https co mwgyrlhhc
1286827346255908876,vid result caring character leader elephant room racism got trump the white house election https co jaiigczxqy
1286826547165294592,timsmithmp tim about learn cage elephant not sin am sure head would clearer you might happier
1286821838224588801,dontgivupurghos think time had pink elephant winter something like idk read sparknotes
1286817448709300226,read sometimes elephant penis used support own weight glad thought the one
1286813835114971142,white elephant nantucket dream location very tasteful bride white elephant harborside inn organizes weddings extensive lawn https co f rr flowers flowersgift flowersfordays flowersforwedding flowersforlove gift giftideas https co mcluhs prw
1286809678253457408,mysterysolvent elephant missing trunk realdonaldtrump let whole world know the capability pick one with trunk
1286798303208898560,unholy shininess labial facial folds disgusts fascinates imagine you eat sounds like elephant sucking mucus its trunk doesn skin fit senatemajldr https co apfmdfmk
1286795929119596544,twitter want see baby elephant gunned cold blood sport i want see dog fried alive the fuck thes images banned upsetting awful humans are awful terrible stop stop stop
1286785884126404613,cc sabathia amp ryanruocco time address elephant room entire team wore black lives matter shirts warming amp kneeled pre game ceremony yesterday amazing randy levine invites trump throw pitch bronx next month why
1286773882075189248,deargoodpeople whitehouse danrather got elephant right sad thinks genius test s used detect alzhimers sad stumble genius
1286773290225278978,bringing elephant tits theyre front coworkers pls stop babys trunk doesnt get way coworkers pls enough kiwi births egg the size body heres pic
1286765632437071872,katyjayne line picture thing like pig horn nose elephant person pig thing women camera action see worried presidential gotta smart drs were amazed psst that fauci lost 
1286749093239324677,emmyymayy been week box antibiotics still got horrific bites ve never known anything like started tiny then next day one foot one elephants ankle hope dont you
1286744837002334209,desmond tutu says neutral situations injustice have chosen side oppressor elephant its foot tail mouse you say you are neutral mouse not appreciate neutrality
1286741397891162112,desmond tutu says neutral situations injustice have chosen side oppressor elephant its foot tail mouse you say you are neutral mouse not appreciate neutrality
1286739666251776005,bdutt themojo awesome movie message starts ashab fhil incedent elephant face shown prophet s nothing could contradict guys obstrust probably majid majidi irani shia hence can imagine diff understanding
1286733025708056577,thulimadonsela revmeshoe dear prof sounds noble someone stands elephant trying put spotlight plight then gets crucified or elephant life matter less surely the elephant activist not labeled part the rhino problem
1286728926811881475,orangeleaderusa therickwilson projectlincoln chris wallace are walking desert see turtle back trump kill easy no way the biden could pass test you couldn either that elephant
1286728684964122625,tim cook ncrmuseum nmaahc china elephant room needs address the genocide ccp uighurs organ harvesting forced sterilization concentration camps hong kong south china sea invading neighbors
1286726209167069185,bmwarren silentgrind yannickngakoue think elephant the room couldnt pay because overpaid qbs didnt pan telvin smith and all hes was model player the organization get behind dont agree him losing composure twitter d upset
1286722486659293184,lisapease r acknowledgement redress closure case american descendants slavery always elephant room never done a unique specific justice claim needs addressed country ever hopes live its creed
1286717218466619392,kristanjore bjp tamilnadu bjp fighting hrce joke bjp for elephant taken peta tenkasi hindus still condition bad any bjp state leader visited place please look mirror want bjp come tn its distant dream now
1286716857328820227,traveller going solo already its cost implications that uk train prices yea elephant really room beyond day trip definitely looking hiring car going the right group
1286715673331335170,wondersowanders friend told same thing same manner elephant room train prices mad why fell with train journeys last iong distance train trip took last oxford before are talking years
1286705665323368448,creation worst mistake ever made free world trying close jaws devour un good nothing ruled human rights violators never good solve conflicts white elephant seeking world dominance must quit un https co slqvehqacx
1286695508589842433,aneesa think talking elephant its brightness low see reflection
1286689962461724674,sunlitroads noni rescue going sign volunteer safe austin little ranch near they rescue abused neglected animals cool couple weeks ago went the preserve helped bathe amp care rescued elephants https co obi ppmbq
1286689651349053440,jpgodfreynz paultudor jacquideanmp doesnt horrendous cost plus blow will take capital cost level will written massively fair value completion npv will negative its entire white elephant very useful life continuing drag rates sell
1286681376645767168,swamp donald given simple basic test had medical incident see basic memory brain functioning you point elephant you count backwards and the moron thinks iq test needs hands drink small glass
1286667227974909955,mdickventure andlikelaura desukidesu andlikelaura good gag the real punchline part two the first man see elephant saw actual giant leg arm penis
1286666680819527680,a saying part woods beware ant finds way the elephant ear ant really mean random sayings tgif mode spokespersonchn zlj china amb india chinaspox india scmpnews pdchina https co ytge rkxk
1286665207012642821,dina maron great thread seen directive just news articles the importation e rhino horn elephant ivory already illegal its cites status
1286662628518113282,magnificent forest elephants congo odzala kokoua national park pure escape remote nature finest lango camp available book with https co dfv xsb https co qdbterruy
1286662039214096384,week dart began running dublin described a white elephant tracks most important development city public transportation immediate success first day used on old diesel train dublinsince https co zkaa uvj
1286662015256350721,shefvaidya petaindia petaindia animal cruelty form motto yes yes pls file pil get killing all animals banned amp get ban nonveg across world get ban horse race elephant safari dog race let know can understand better
1286650758440595457,dishwater grey color raw product usually the anglo american to around elephant called because rather large size inches inches because the iconic watermark dates when paper imported https co dxkdaryz
1286649712796241920,cnn donlemon even distinguish rhino elephant kids even tell difference even backwards having mental inability still stop donlemonfailedcognitivetest https co er mkhpj
1286618946934837248,cbctoronto always big elephant room never was about carbon emissions big ocean garbage dumps oceans clean our air yet use dumping grounds
1286618156837089280,tourism facts african elephant weighs tons measures ft shoulder world largest land mammal characterized highly dexterous trunk long curved tusks amp massive ears zimbabwe travelingemotions emojitourism https co osrxs x
1286612625007222784,centusmoon lol sounds like stampede elephants you slowly loudly places charges like biggest freebie ever played unranked couple days ago some fella playedfuze kafe kitchen shotgunnedhim ceiling placed the charge
1286610359089012737,taxikaren bbcnews lol true story elephant whatever don take kids see the cinema opens
1286609879998889984,using excess material slag also build large statue turtle elephants back carry through space qualify disc world will not receive research grant
1286580892232646656,neutral situations injustice have chosen side oppressor elephant its foot tail mouse you say you are neutral mouse not appreciate neutrality desmond tutu angela tungol first vlog
1286574846470770688,jio developed service built scratch using technologies equipments india watching ambani vision its sweeting belle thing zero competition when equally strong elephant comes will now the koko
1286573900101451776,thepubliususa hypocrisy seems popular enough believe gop change mascot the noble elephant the hippo you read them there number parallels
1286572495244410882,anyone ever one elephants work dreams yeah baby elephant kicked big bad bully elephant ass stealing teddy bear customer got crushed process call good work dream https co stk ztuzry
1286567030720782336,miles stopped delightful postbox east keswick pulled lil elephant guy middle the road hopefully owner comes back see https co fmjdir https co xnrzqnini
1286566424773906432,biggerharp well largest problem laws people are supposed uphold enforce do selectively best all thats elephant the room that one wants acknowledge cops always instrument controlling
1286565401653137409,dear black voters anc showing true colours hands show in next national elections time remove the elephant is destroying society loot give bad service careless our people make bad choices 
1286562873301512192,perfect response mad man elephant the white house behaving towards china
1286560634801229825,rss reminds elephant peacefully working street dogs madly bark selfless service never appreciated curs good does for winning support praise seeks conversion destruction massive force good
1286560253534859269,elephant looks monkey eyes disdain monkey not beg food eat person his worth even the lowly monkey its dignity since not beholden the elephant
1286555854838407168,a case maragua cbs ig nps johnnjenga itsmutai robertalai gitahiroy like stuff elephant boy child also exposed https co pzcpel spn
1286549661294239745,strong prediction the new taylor swift bon iver song going knock elephant love medley its perch to drunk karaoke duet choice
1286546728041295872,politicspleb elephant the room government you look actions basically continuity cameron
1286546232538796034,advobarryroux elephants fight the ground suffers units less something wrong
1286545224811057153,likegointhisway mathew locked container its rotting corpse months concept hunting food even don consider shooting animal hunting pretty sure one eats elephant leejame
1286541963743944704,meganmccubbin chrisgpackham stae elephants animals evolved millions years humans come along exploit makes blood boil see animals should roaming free performing tourists general public cruel perpetrators opinion just think wrong
1286539646978023424,shivans thats say fictional greek writers later the romans lot say alexander retreat crossed beas would been meat grinder dhana nanda waiting his elephants https co n frpr
1286536496447500288,photo elephant golden ambari aggad vadodara elephant shown caparisoned cloth gold bears back ambari made gold only largest strongest elephants could support baroda history heritage historyofvadodara https co rd plth
1286530096078245889,george harrap elephant the room very long time
1286529597513711618,bignews elephant lost life due electrocution village jashpur chhattisgarh today forest department investigating matter https co bnlky
1286516272205881344,hoarsewisperer elephant already proved ability pick the president
1286511510815047681,multimegaton durham report elephant looming shrinking room already political disclose data the all important last best hope portlandian democracy earth can deter uber violent newsprank burning cities ova test
1286510139743207427,swaying atop male elephant makes hard concentrate anything its pungent stench nothing the black night draw attention away bookbubble virtualtravele https co nrwikc history amreading
1286492732114915329,mnageswarraoips the hands public choose adharmic govt invite own trouble like elephant slinging mud own body ppl deserve better govt that need adhere dharmic values practiced elders since time immemorial
1286491878326546432,juddlegum test came alzheimers research program canada nice know pass test grandpa still pass used canadian military ptsd the elephant president
1286491702522306561,thenewmrsg projectlincoln correctly naming elephant its order genus a joebidenjob
1286491191832272896,lions may big elephants strong tigers still recognized king the jungle its mentality
1286490219160584192,goldsant paaji it elephants mean the way describe every post its like you them well connected amazing
1286485106845274117,abhishe shitfarm ashoswai said right india treats a competitor china wishful thinking india thinks elephant eyes the dragon india nothing its competitiveness not even good vietnam
1286479694792142851,assuming are truthing aced cognitive screen all delayed word recall clock drawing have gotten you into wharton mensa year olds draw clock recall list nouns elephant assuming joenbc realdonaldtrump https co ywsrcjqvw
1286477882420682752,swaying atop male elephant makes hard concentrate anything its pungent stench nothing the black night draw attention away bookbubble virtualtravele https co nkb history amreading
1286470838250876928,realdonaldtrump disgusting trying tell women think a far cry making america great wanted well did covid still know means the year created elephant refer cognitive test that one
1286466776973422593,rokhanna waste time without blockchain protected tabulation have voting rights need won matter votes being counted correctly let talk elephant the room instead the booger trunk big booger
1286464827146350594,danielstave fair ever tried identify elephant via butthole think easy obviously big brown right the thing have tell a hippo rhino elephant butthole don tell you that trump a super guy knew
1286464632908066817,donlemon donlemon know difference elephant ring sleepyjoedisease
1286461714746286080,doesn bode well future wasn small retreat seawater approach elephant moraine the ice would had retreat miles its present day coastline https co vvkyh
1286458118034137090,knight sky worry organist this year you hear baby elephant walk curveball
1286445576985481218,musafurber definitely affected mine much first world problem were ton suvs family guzzled petrol like crazy explained its like equivalent riding elephant desert understood insanity switched thank god
1286444741937299468,only imagine elephant mounting another one the one gets mounted its spine powdered falling
1286443818477395968,jeepincj citizen joe spencergarrett become clear have idea elephant cropping done needed masse regardless sex animal keep pushing idea somehow the one fixated one sex you brought the first place demanded say something 
1286439438281781248,pearsedoherty politically expedient rant you going tackle elephant room disgraceful pay rise civil servants october private sector its knees guess would save the state fortune far than junior minister pay
1286432823893790720,ali naka lot people want open hey that ingrained fear elephant going beserk zimbabwe zanupf corruption you say with corruption leaving zanupf intact zanupf mentality be ripped amp replaced
