displayname,description
Nonsensei,teacher en fr ja langoinstitute player word porter manteau enlightainment langoinstitute com langopod
Retrowave Enthusiast,
Don Pasha,financial consultant interest finance government politics
RozzBozzy,part time indie game dev retro gamer full time adventurer zero time hater peace love friendship
ğŸ‘» Ryan â€œR.I.P.â€ Whitley ğŸƒ,ryan whitley whiskey weird podcast bibliothecar the miskatonic review lovecraftian horror short stories episcopal priest
marfo vs capcom 2,marvel capcom stan non binary nearavenue
Amorpete ğŸ‡ºğŸ‡²,
Adetuyi Oluwafijimi,positive reaction problems not create problems
Lawrence Nyabanga,supreme excellence consists breaking enemy resistance without fighting
John Mousseau,cumberland advisors pres ceo dir fixed income cumberlandadv adventures muniland linkedin com john mousse fixedincome munis bonds etfs
John Day Apgar,something keeping republic 
Programa BioGeoMar,scientific research financed fund boticario whose main focus synthesis brazilian marine biodiversity
Cumberland Advisors,est approx billion mgmt sarasota etfs fixedincome taxablebonds taxfreebonds muniland markets financialliteracy campkotok
F. Cocks Dicksgerald,pseudo sapient trash heap pronouns seriously sub onlyfans com hollyhawthorne fuckin around
TommyM,
á•¼á—©á’ªá’ªá—°Oá‘ITOá–‡ ğŸ kind,ketoconnaisseur lowcarblife pilates invest disruptor stocks proud usaf mama rottweilermom qop
Chief,part time artist catgirl enthusiast commission status open tip jar fi com chiefu biz skiwacity gmail com
untamedwildheart,nobody really
"Mohawk, Dark Mane & Blondie (The Northern Avocas)",animal rights activist nature enthusiast lionlover natureconservationist cccmember zanupfhater efflover manchesterunitedfan forzateamferrari
Johnny Appleseed Organic,meet new sustainable kill fertilizer
#JAKINDIA,freeourtemples
BRCW Co Ltd,official twitter account the birmingham railway carriage wagon company ltd
Eric Womer,
James Woods,the verified twitter account james woods also realjameswoods instagram other social media account using name fake
Andrea S.,please expect lots tweets before click follow fight animal environmental rights post petitions news
Peace ğŸ‡ºğŸ‡¦,part laravel vue dev part punk rock techno hippie passionate music scotch technology fan oxford commas nygiants time alone
Kelly Dietrich,proud dad founder traindems goal teach democrats run winning campaigns poker jayhawk basketball movies side
Ken Taylor,actor director leeds arts centre producer director diversitheatre national centre diversity writer
Kenny Pryde,journalist editor author glasgow wheeler scot caution may include sarcasm politics bad language adult themes cycling moto music politics burrrds
Fergus Muirhead,freelance writer broadcaster dispenser money consumer advice author piper tale piper fergusmuirhead com
Boiarski,internationally published poet fictioneer essayist painter twitterer free book online anyflip com qdvq wxfj mobi amazon com 
Afrikan,historia absolvera
MAU SAFARIS,meet adventure upclose phone whatsapp email info mausafaris ke socials mausafaris
Andric,nerds software design dev product tools thought current obsessions art lofi beatmaking
ShereeGoldKeyTravels,the owner gold key travels llc enjoys helping others realize vacation dreams
GateKeeper.Watchman International,gatekeeper watchman international organization friends associates are limited environmental social advocacy human rights issues
Absolute Africa,african overland specialists camping great migration mountain gorillas trek kilimanjaro zanzibar island make tracks africa
Spatial Trouble Maker ğŸ³ï¸â€âš§ï¸ â˜ ï¸ğŸŒ»ğŸŒ»ğŸŒ» ğŸ‡ºğŸ‡¦,queer enby trench warfare idb all geographers other people work the natural disaster space figuring where spatial goes
Dalia Diaz,global qualiy manager expedia group investing new career a new life back home texas loving life
Pelote DELAINE,volontaire semaines nov sur phant nature park chiang mai thailande
Andy Cowle,presentations trainer presenter elt bizdev film lover comedy whisky ambassasor cheekbycowle wordpress com eltconnections com
RHONDA MORTON,
Graham John Hathaway,nature walks a healthy life pretend gardener biodiversity wildlife animalrights saveourearth climateemergency walesineurope cmipd
Vivian Archbold,retired wanderer opinions own not member political party have long memory injustice perpatrated politicians
Harriet âœ¨,producer boneloaf previously lockwood chucklefish her views own probably working something neat
knm,reflect other good
Prasade Experience Tourism,prasade experience tourism provides distinct nature cultural experience tourism customers objective bridge gap human nature
Peter Lilley,transparency accountability campaigner vocal critic harrogatebc long tooth journalist former travel industry consultant
Krishnan,every action consequences will face rts not endorsements
"Nayyar ''Just #VaxUp'' Ahmed, PhD",covid infectious disease moleculartesting specialist frontline worker pcr god bless america
Ø³Ù†Ú¯Øª,strong observer followback guaranteed
Abmaw â˜­ â’¶,none mandatory
NubiPlays,yes harsh opinions care approve truth not truth intentionally leave the details
Nicole Deplorable before it was fashionable.,know that conservative christ follower american brown skin girl can save life needed rn msn toxic masculinity addict
OrangeğŸ‡ºğŸ‡¸,kaga maga trump may been pieces gave the best m
SHAFAAT SHAH,retd gen former president corps commander lahore ambassador pakistan jordan proud be pakistani
Katie McMorris,writer dancer enthusiast mfa purdue english phd student englishokstate forever ichigan fan best book recommender
Patti Hampton,freelance writer published photographer christian conservative decorating designing passion love creating own recipes delicious food
re-how.net,muteme automatictranslationsystem mistranslations not article wrote provided article delivery company
BC Transportation,ministry transportation infrastructure info safety mobility mostly f pm service drivebc collection notice bit egoru
Jasmine the European Cat,ultra remainer politically homeless centrist
ğŸ³ï¸â€ğŸŒˆDragonogonğŸ³ï¸â€âš§ï¸ğŸ² ğŸ”±ğŸ²ğŸ§Ÿâ€â™€ï¸ğŸ™,jordi im girl loves everyone alt dragonogonalt banner insaneprotayto pfp robojade trans her them ena cool
Mr. Quills,meaningless discuss jobs essential community job puts food table essential
Nancy Mac,catholic military vets truthsocial nancymac
Giuseppe Pellegrini Masini,associate professor ntnunorway researching social ethical aspects energy use climate change bit fvnix
Okaka Patricks,head marketing branding city tyres mandela group pragmatic technocrat say 
Te Reanga Ipurangi,students taki new zealand learning creating sharing
Richard Atkinson,lifelong atheist teaching admin career philosophy graduate amateur philosopher ever since skeptic especially r doctrinaire skepticism
sarahzrfÂ®,commie programmer girl
Te Reanga Ipurangi,students taki new zealand learning creating sharing
ğ•¾ğ–œğ–Šğ–†ğ–—ğ–Šğ–“ğ–Œğ–Šğ–“ ğŸ‡ºğŸ‡¸ ğŸ´â€â˜ ï¸,copperhead amerikaner dissident
Mompreneur-REALTOR,dj real estate mama bashimani sophisticated caprivian mama bafana
Rae Leeann â­,strawberryblonde momma beautiful baby girl ig rae leeann
REAL Savage Cabbage,savage cabbage tryna true salad pvp youtuber mainly retweet like mainly typo central banner nm thi pfp kernel
nuriâ·,jungkook bunny truther
Mickleby,smart enough build wings bring others along hey bro look
Dror Poleg,writing future work cities finance seen the new york times wsj nbc etc author rethinking real estate
Mr Brew,important
JBOOGIESWORLDâœ¨,love earth love broads lil
KQED News,bay area public radio digital news proud member npr california newsroom sign our daily newsletter kqed org newsletters
black. no sugar. no milk.â¤ï¸,right following reserved
Lazola Ndamase,city libode mthombe youngstars kaizer chiefs whatever foreign team number one country log
Graham Elliott Photography,professional into wildlife travel adventure images instagram grahamelliott please retweet images like thanks
#GUZMASWEEP,shut im injecting with digestive enzymes sickle burnhounds pfp jaradraws
Lesley B,luddite extraordinaire trying catch 
Lesley B,luddite extraordinaire trying catch 
orange flavored hateradeğŸŠğŸ”ªâœˆï¸â„¢ï¸,your majesty narancias mom block minors
Harrods,one door million paths head harrods com plan visit find harrods
Elephant_irish,
CWebb,
Phyllis Holder,
justplainbill,retired teacher stepfather senara best friend hendrix dog disappointment mother love country fear trumpers
*_*,buffalo tampa bay bolts sabres speak hockey sarcasm still emo bills buffalo bills
lucy moir,just 
Nonhuman Rights,only civil rights organization dedicated solely securing rights nonhuman animals freehappy freeminnie freethefresnoelephants
Ori,lover good music wine would back happily married every second night live another life heart winter mode
The Machine Stops,
Jack Grover,rather keen old citroens classicbuyer production editor one half classicsworlduk podcast blog now becoming fossilised
kenneth l. jarrett,nobody bad like
Gichinga Lizzyisinabox,karera buster hunter porcupines trapper moles lover chaos will find page activism matusi love the creatives
9 Breaking News,breaking news latest headlines
9 Breaking News,breakingnews breaking news latest headlines
DeeP,health heritage nature knowledge solutions views personal likes etc endorsements
Joshua O. Amimo,trained veterinarian experience animal breeding genetics currently working infectious diseases genetics virology immunology
Comeback Season,ultimate goal create something worth remembering be who change course history leaving legacy family life better mine
Abhijeet Chenji,bio yet
Tsar GqaKhweRov ğŸ‡·ğŸ‡º,african child historian free africa land plenty ram
Roger Stevens,environmentalist animal rights campaigner
Laura Kate,research fellow food public health young people food inequality poverty school food free school meals views
Ritwik Priya,enjoy intellectual pursuits like people everything a function two
Nomad,perspective driven wellness psych analyst passionate listener respect criticism liberal basic human
Vi,him shouting the void 
Fly wisiz,
GS,tweet wildlife nature walks travel insights photography camera gear talk newsletter monthly
Richard Watkins,interested education research science education cierei bangor addysgbangoredu cedar warwick
GS,tweet wildlife nature walks travel insights photography camera gear talk newsletter monthly
darlingheart,her old enough know better
,jackspa account temporarily unavailable violates twitter media policy learn
precarious@ual,casualised staff ual brought together ucustrikes seeking end casualisation outsourcing solidarity student struggles ual w
qill ğ–§·,multi cheesecake lover coffee addicted major engineering electronic communication seventeen nct wayv exo
zah,teamsvt
David Grainger,biotech entrepreneur chief innovation officer centessa advocate virtual asset centric all opinions
James Clark ğŸ“ˆğŸ“‰Â¯\_(ãƒ„)_/Â¯,grumpy optimist marketing moltenventures capitalist not financial advice
DCB Bank,welcome dcb bank new generation private sector bank customer support visit dcbbank com contact remit log dcbremit com
UAL: End Outsourcing,campaign demanding ual ends exploitative outsourcing lowest paid staff house linktree inc cleaners strike fundraiser
Ibra Khaaye,lawyer tax finance father political enthusiast fervid believer trailblazing
Oceanics,
BACKSPACE,liked hated but okey 
Lord Mayor Erias Lukwago,erias lukwago official account lawyer lukwago advocates lord mayor kampala city
Jon Darke,
#RefugeesWelcome; Twitting Dinosaur ğŸ’™ ğŸ’š ğŸ–,engineer fudd care my biggest weakness
Rotherhithe Robin,adopting right attitude convert negative stress positive one
JJ,for perspectives
ğ–§·,
Burnside,have nothing nice say tweet social media influenza pine pineapple
pat ğŸ’¥ @ Stickercon 2022,pat artist her lesbian genshin rd valo apex priv mutuals pattyycakes
Self Educated Fool,leave world better place when entered amateur music media producer international man mystery restorethesnyderverse
Aspiring Hustler,money root evil m devil
Michael R. Plaisance,writer reporter editor researcher triple crown yankees rolling stones writing ron perlman guy ron perelman world
corey loves chuuya,buraiha layout ftw
Steve Troughton-Smith,pastel broadcasts grace build games make apps hack things husband patreon com steventroughto
David Branum,god jamie army vet damn right with trump gonna leave the steal the sheeple insist go am til jack censors
Veritas ğŸ‡ºğŸ‡¸,liberalism mental disorder based science amazon com liberalism men
Lonne,boio living one cold place all bagpipes plays video games whole bunch
kenma kozume,
â“‹htownfemğŸ’™ğŸ’›ğŸŒ±,ethical vegan intersectional feminist animal advocate adopter foster her black women lead khive bidenharris
GRod,native american military back blue fjb you say something
Ly Duy Ky,every seconds cunt posting positive message they live stargazer skywatcher boobstarer
ğŸ˜Nala The ElephantğŸ˜,chubby elephant her taken takeobirddad artist fursuiter home cook gamer sfw fighting lupus limited coms
ğŸ’›ğŸŒ¾,
Stranger,strangers need bio
ğŸ•·ï¸,
Nosheen Saeed,former member parliament mna columnist news political analyst
Richard Langen,
doug lucchetti,
Yeya,kind animals help stop suffering
Mahosive Bolicks,lifelong stiltonophobic nobody eating mouldy cheese
Pam Woodard,ethics decency always ballot mom grammy humans fur baby grand doggies progressive secular liberty science based government
jen kumar,
#SupportPalestine #BDS #Yemen #Kashmir #Assange,socialist nhs climate protection renewable energy freeassange against wars poverty inequality racism factory farming animal experimentation
â„³ğ’¶ğ“€ğ’¶ğ“ğ“ğ’¶ âœ¿,licensed artist writer pretend podcaster twitch afilliate too oll
Jay Musini,views expressed satirical opinion medulla oblongata retired island lair preferred pronoun maharaja dhiraaj
kira !!ğŸ–¤,reppin till death fan account xotwod saw abel live saw ariana live 
TCCM . MEDIA,tccm printing press tccm graphics p tccm tccm tccm studio tccm event management tccm q tccm marketing distribution tccm record label
Kenniel Sounds,mt team music
Christian Sperka,christiansperka wordpress com
Leslie Naples - #DarkBrandon Kickin' Ass!,scientist activist animal lover formerfdaer prouddemocrat love equality peace bidenboom
Aso AsÄ±n,founder event organizer championsoundbe
H E R M I T ğŸŸª P U R P L E,pathetic palooka powerful paralyzing perfect pachyderm percussion pitch them s behavioral community hlth
@ Lutyens HunterğŸ‡®ğŸ‡³,hindurashtra
Eric_Wuz_Here,vegan the animals blm star wars nerd grogu baby katan rules ahsoka tano life lgbtqia themandalorian thankyoujonanddave
Wild Thing,builder
Brown Skin Boy ğŸŒ»,ossi virgo an american
devilizardğŸª©,senja catstorm artist writer game researcher collector mystery creature her pkmn art furby history animals fun languages eng jpn
BC Transportation,ministry transportation infrastructure info safety mobility mostly f pm service drivebc collection notice bit egoru
CryptoZin,cryptonut video creator investor full time money chaser hustle hard take risks don afraid spend money make money
panda_ben,parliamentary democracy stan mildly pro nanny state gun grabber
Mike Rees,bit glutton loves good food music rugby liverpool cycling future brittany resident
Jim Panzee - CIO Chimp Capital,strive seek find not yield investment process items shallow deliberations dart throwing chimp simple works best adults
ScoobySnax.com,scoobysnax scooby doo fan site depth info franchise all latest scooby doo news
KeysChickğŸ¢ğŸŒ®ğŸƒâ€â™€ï¸ğŸ…ğŸ«‘ğŸŒ±,love things outdoors part help protect planet reduce reuse recycle
Rod A.West,kent state alumnus former college football player
Sam,beep boop semi retired trader investor eth ico investor former lurker sometimes ill share alpha crypto stocks macro banter
Jolene OrenjiğŸ§¡(ENVTUBER),her de proud utk alumna art tag banner art aidankresnikart banner koda vtuber avatar poofeline
Neptunelodger,aberdeen uwe johnson fan
sarah,soap lady mom ynsdcare ynsdcare com
railey,
Jack M. Jose â˜®ï¸,operator author angels superheroes compassionate educators era school accountability gun violence prevention activist writer
Grayson Alexander,guy camera macbook pro art supplies
Laura Lust,rock roll byrd brayn
Sk ğŸ’™âœŠğŸ»âœŒğŸ¼ğŸ™ŒğŸ½ğŸ¤˜ğŸ¾ğŸ™ğŸ¿ ğŸŒŠ,outlander ahs anything scary witchy time travely supernaturally dms blm volunteers rock 
â˜†Yajnaâ™¡ğŸ,h combs laughed holly
CountRollo,anti former pilot found pilot licence yacht master tkt soldier police officer scuba diver queen scout travelled wonderful kids
OverFlo207,loves drawing stinky diapers mma abdl illustrator professional dartist also gamedev straight femboy diaperlover
AnağŸ§šğŸ½â€â™€ï¸,
kapil gupta,chemical engineer nit jaipur head marketing b reasonable logical practical
PhynaBRYANGROOVY,forgot passwords start twitter over
Babangida,journalist digital content expert working eastafricatv football writer reporter
ğŸŒºPriyanshağŸŒº,fearless pursuit sets soul fire
Vijay,views personal proud born indian unapologetic hindu brahmin nation first jai hind
Totoro,coffee gaming xak
Vigneshwaran NarayananğŸ”¥,phd scholar engg drums politically incorrect dharmic post politics fire science innovations save nature native cultures
Mini Nair,author fourth passenger lines separation
å±±åŸå°å“¥Follow Jesus,stand jesus support miles guo take the ccp
Paul Sprottle,recovering animal loving meat eater pro choice anti death penalty left wing progressive bored liberals foreign travel fanatic
Sara Maggi,vegetariana animalista fiorentina
Rob Chalmers,focused interaction law technology society bits ip whimsy other ephemera thrown sometimes usual story rts shares
Navrathan Jewellers,since navrathan jewellers quietly wowed cognoscenti bangalore its breathtaking designs intricate craftsmanship antique techniques
Darryl Jones,professor modern british literature culture trinity college dublin horror popular literature r james arthur conan doyle g wells
Demarco vybz,twitting writing process favourest internet things
NicethingsğŸ‡¿ğŸ‡²,weed herbs spices everything nice
Naman Awasthi,ambivert literature student teacher cultural studies post colonial literature interested indic studies defence space geopolitics
Spencer Wells,scientist author explorer
Kathy Najimy,actor activist producer mother director author mymoment bubble tea enthusiast find cameo proceeds the eracoalition
Tube of the Day,making london commutes bit interesting tube train day selections made s powered tfl open data independent
Kirti Thukral,music lifestyle travel fashion sports food entertainment comedy humour wants learn foreign language
Simon mwangi,man people
panda_ben,parliamentary democracy stan mildly pro nanny state gun grabber
Stringer,down since learn crawl open decentralized permissionless ftx t
Rebel Soul,activist animal liberation supporter dog rescuer earth warrior humanitarian vegan
Drunk Bacon God,have two passions life caring those love pissing those hate okay whiskey country birth southern choice
â™« Melodyâ™« | ä¼èª¬ã®ã‚¨ã‚¹ãƒˆç‹‚ä¿¡è€… ğŸ’œğŸ’™ğŸ–¤,gamer jpop kpop maniac violinist own hero her former namesake navelmonte irc legendary est fanatic
Sharon Gregson,advocate aday child care plan former school board trustee ethical vegan tattooed harley rider mother feminist student pilot credit union fan
oswell kapotsa,dad process engineer value investor
Midnight Riders,chris protest sons liberty gab xmilvfw blocked strzok daszak bongino cusack cernobitch swampteam stupid webbintel
Libby Kamrowski,news producer kmtv newsnowomaha ne purveyor dad jokes formerly spokesmanreview visitspokane gonzagabulletin freelance photo gigs
asymmetricEthicsğŸ”ºâ˜€ï¸ğŸ¤¡ğŸ‡¨ğŸ‡¦ğŸ¤¡,when wrong stuff wannabe digital nomad unvaxxed clownada
Aaron ğŸ°ğŸ•³ğŸ¤¿,analyst day rabbit hole diver night infp politics history thread writer articles medium link
China-ASEAN panorama,international communication platform the asean the century maritime silk road
gue,freakshow
Lilly Jade Katrin,inflatable feline gamer mom retro softcore kink pornstar aesthetic abomination lives train run away only ride
coolyeah,pop shop happymonday fun discord coolyeah
Mebrak Ghebreweldi,international executive leadership coach passionate leadership management development eritrea
K K,african atheist freethinker
Charles Onyango-Obbo,journalist writer futurist curator wall great africans woga facebook com woga walk like have ancestors walking behind
DFLB,dflb stands drinkfortheloveofbeer name personal blog talking beer motto let the consumer critique 
Mingo,alive
cubbie,sports sports sports
Aunt Fetamine,patent medicines yarn dyeing sometimes same pots her autistic
Jay McGee,living deep dprkent saints fan itchen north sth stand middle lane drivers adhd rambles views fck tories
Ross Hadliegh,writer artist singer song writer advocate women equal rights volunteer worker helping less fortunate
The Rogue Fox Spirit Elf,tech sociopath spider elf elf part time failed comedian full time asshole
Leane67,black lives matter
Lloyd ShambirağŸ‡¿ğŸ‡¼ğŸ‡¿ğŸ‡²ğŸ‡·ğŸ‡¼,social commentator champion democracy voice voiceless the trodden zimbabwe shall free the common oppressors
Stu Pospisil,high school sports editor golf editor the omaha world herald look weekly column omaha history the sunday owh living section
Stu Pospisil,high school sports editor golf editor the omaha world herald look weekly column omaha history the sunday owh living section
panda_ben,parliamentary democracy stan mildly pro nanny state gun grabber
G_elephant,traveler leaf raker gardener bbq smoker freegan heart
Her Ladyship Jay,sa mcom ifrs man united his promises yes amen jer dah ig were
TheDeadSoulğŸ‘½â˜ ï¸,underpaid employee twets endorsements dont offended
God Loves You No Matter What ğŸŒˆ ğŸ³ï¸â€ğŸŒˆ,african descendant every king slave ever lived saved grace bought price changing cause humanity decolonizing history
History Encyclopedia,history alwayz mystery still evergreen present history never says goodbye says see later
Sarah Conkle,much sun makes desert life calamity book her feminist vegan pan demi seraphim inc sustainability soulburntarot witch
chrispen manjengwa,
twinoceans93@yahoo.com,traveling fool recovering covid gotcha
jamie t,husband aba ortho jew lawyer nonisolationist libertarian interested and israel scotch drinker collector blocked timrobbins
AlKhemyK Thoth ğŸ’­,tdf life pause people suffering tigray ser ultrautopian com books
Jude Eneche,ready new challenge chelseafc cfc
Adio-Adet,writer reader future work digital economy digital labour markets researcher zap bremen affiliated fellow bigsss bremen kaad scholar views
The Citizen Sport,citizen sport comprehensive guide local international sports updates fixtures results all things sports
Steve Gwynne,upholder preserver greater good ecologism cooperative distributism deliberative democracy bioregionalism mutualist globalism
jerrymberger,professing journalism comatbu statehouse reporting program babbling political pundit loyal cleveland baseball football teams opinions
RASHMI DROLIA,journalist timesofindia writes crime politics lwe moody poet for news views pun possibilities likes explore hidden gems rts unendorsed
Jason Giller,dad two great kids husband triathlete all things recruitment staffing technology leading great team tbs labour
Maxwell Mthembu,value makes friends quality keeps
"Non-M Pain Monk, Sam",john mills says fuck fight them cryptic abolish royalty capitalism borders
digital-bar,follow altusdigitalbar the latest news key updates altusltd insurance digital rankings user journey analysis digital insurance cx
Lord Mesfin,stand truth
Hornchurch High,hornchurch high school traditional values century education
panda_ben,parliamentary democracy stan mildly pro nanny state gun grabber
Ú©Ø§Ø¦Ù†Ø§Øª,hey twitter using
Small Shop Hype,want support small business looking more creatives follow support well your one stop shop also small shop foragednature
Coshal Art,work tribal handicraft artisan india bring products market
Eda Elif Ozbek,bitcoin fenerbahce communicationarts marketing director btcturk
Babatunde Okunlola,storyteller development journalist head programmmes diamond internews hjn ambassador washfellowship fellow icfj fellow
blue,math magician they
This is Chobe,chobe national park botswana remarkable place home elephant anywhere else africa hosting annual thisischobe live twitter safari
NABOTH PAUROSI DZIVAGURU,globaleconomics consultancy group executive director struggle continues the last drops blood sweat tears camp acacia oneaccord onegod
Slim Tim ğŸ”¥ğŸ’ªğŸ¾,influence getthestix ltm boydad
McQuoid Evander,yeah know followers then what follower internet rather have real friends can actually see
Steve Ralph,freelance writer editor actor director burlesque host trivia host wedding officiant writing tutor
Tikki,grandmother two mother two proud army veteran yorkie crazy coffee always
maru â¤ï¸â€ğŸ”¥,main trivialdeath art moments keeping archive purposes
#Luv4Wilds,goldy eternally love music wilds indiaves nature macro worldofwilds
t2sv,car enthusiast british columbia california followback follow jesus unfollow unfollow good gov advocate ddrive
Jamaican_Patriot,have world balls my word don break one understand
Sharon Ulmer,maga walkaway pro life pro
Ignatiy Vishnevetsky,will man boat said starbuck not afraid whale
Richard,
Aunty Bae,rose grew concrete teach belittle
Justin,
Brent Lancaster,engineer analyst larams supporter atl buckeye graduate downtownrams content editor married lancasbg boring
dangrafics,
Rick Abell,
Nicole ÆntÄ“bÄ«,make things move loop sometimes hold burnished w bank rio grande bravo her instagram com nicoleantebi
Dr Jo Science PhD CSciTeach (Jo Montgomery) ğŸ”¬ğŸ§¬ğŸ§ª,primary science specialist teaching children supporting teachers csciteach psqm hub leader greatscishare champion stemlearninguk lead prof dev ldr
alive girl,writer aspiring alcoholic
Scrooge McDuck ğŸ“•,michael foot fetishist
Sathya,drink know things stock trader implementation architect chargebee pursuit financial freedom
Derek | The Hellenistic Age Podcast,official twitter hellenistic age podcast show covering history eurasia north africa alexander great cleopatra vii
johndoee,nobody wants original anymore
Echo Chamber,grateful
Echo Chamber,grateful
LeeAnn Star,conservative thot patriot using bring ppl right side history tiktok leeannstar twitch leeannstar insta leeannstar
à¦°à¦¾à¦¨à¦¾ à¦¬à¦¸à§,life lived controlled never walk alone joyeastbengal redtogether liverpool lfc
EMc~2,yo thang whatever well not whatsapp hangouts anything else stop 
Chloe ğŸ´ó §ó ¢ó ¥ó ®ó §ó ¿ğŸ‡¬ğŸ‡§,history politics reading debates tea cake brexiteer patriot nurse midwife single early retired tory politically homeless
Sanjaya Sarangi,sfhttp nationalist technology leader entrepreneur nit rourkela early stage investor physically bangalore soulfully bargarh
RobertRamage...,
Dewey Guy Jordan,
Sueno,songwriter ufo enthusiast truth seeker plato cave deprogramming public benefit twitter account
YVCHAKRADHAR,common man
Save The Asian Elephants,stae team conservationists lawyers campaigners dedicated saving asian elephant contact savetheasianelephants stae org
The Youth Agenda,yaa kenya premier ngo harnessing development informed innovative value driven youth engagement makingtheyouthfactorcount
Valeksa Domitrov,support weak powerful teachwear life rock speaks the soul anarchist anonymous opdeatheaters opdejamaica
Kirill Klip ğŸŒ âš¡ï¸â› #Gold & #rEVolution ğŸ”ŒğŸ”‹ğŸš˜,kirill klip mba executive chairman tnrgold blog private diary chronicles energy revolution investment advice links not endorsed gold
Owen Chipen,educator acot founder entrepreneur
ChaitraliB,
Kirill Klip ğŸŒ âš¡ï¸â› #Gold & #rEVolution ğŸ”ŒğŸ”‹ğŸš˜,kirill klip mba executive chairman tnrgold blog private diary chronicles energy revolution investment advice links not endorsed gold
Milly,less worries smiles
ğŸ‘‘Countess Of The ğŸ’OkavangoğŸ‘‘,simply amazing gona content gone itiya hela bodies match geoscientist
blogsvoxpopuli,non profit platform encourage well researched original articles contribute legal societal reform
...,time memories place energy ynwa
andy jackson,politics travel
Dhaval Kulkarni (à¤§à¤µà¤² à¤•à¥à¤²à¤•à¤°à¥à¤£à¥€) ğŸ‡®ğŸ‡³,author bawla murder case amazon dp cousins thackeray amazon dp thackeray bhau amzn fhpvc
áµ‰áµˆáµˆÊ¸áµ‡,them contact discord eddyb matrix eddyb matrix org irc eddyb libera chat email eddyb lyken 
ğŸ…¿ï¸etuğŸ—½,big ult nfts gaming life
Vedic Woman,hindu m proud belong hindu krishna bhagvad gita everything universe 
Ranajeet Behera ğŸ‡®ğŸ‡³,defend nation one need strong military turn requires lot money money comes strong economy benjamin netanyahu
Kaliba,long walks fiction naps
James Andrew Taylor,making long transition biographer novelist feeling first slight twinges confidence probably good sign
G.E Monty || Irrigation - Water Eng.,co founder mizu organic farm civil engineering irrigation water engineer digitized agriculture tech guy
Ishan,mathematician trance coma
Rohan,tech policy books football terrible jokes trying keep life isbedu
"vick,",him tweeting thoughts shit post sometimes
EDGARS,
twenty,music collector baby programmer gamer liverpool part time wwe aew fan
Ayush ğŸ™,freedom guy tweets solopreneurship creator economy get clarity direction focus business indiemasterminds com
Invariants,plural trans disabled neurodivergent science gaming tech politics content writer need writer reach miralazine gmail com her
Dalton Schmoop,licorice flavored carbon construct mimics sentience
Nature inFocus,nature infocus inclusive ardent voice natural world storytellers
Madan Damale,journalist profession farmer choice
RAVI BABU,
The Hindu Science,science technology environment health news the hindu
Cat Randall,isabel brain trizzy pretty guardians member manga correspondent comicsbeat videos trizzyvision youtube art trizzy artstation com
Oliver,director feature documentaries art films essayist former northwestern university lecturer media recent longer film neurons nirvana
Brendam Productions,hello make classic series railway series cgi content my channel youtube com channel ucasg
Doll,individualist kind true anarcho capitalist let innovate
Bonnie Smith Dermody the real me,buspc rock roll widow literature dylan stones family yacht yards builders kennedy supporter writer
ELEPHANT HUNTER,
Kanuriland,relating culture tradition values lifestyle kanuri people global audience active citizens
ğŸ¾I AmSami PATRIOTğŸ‡ºğŸ‡¸/VoteğŸ’™/ğŸ‡ºğŸ‡¸/Resist NaziGop,badass spiritual empath old soul cat whispere living cll addison democrats patriots voting scotus compromised women rights matter roe wade
I will camp on your doorstep,let never leave and you learn love her
Ida Momennejad,principal researcher reinforcement learning msftresearch build neuro behavior inspired models learning memory planning cohost learningsalon
Roz Fruchtman | Kindness Matters/YOU Matter,help people stay encouraged inspired see light today darkness via words kindness caring fun stuff adultcoloring photoshop design
tatii ğŸŒŒ / ğŸ‡¨ğŸ‡±ğŸ‡¨ğŸ‡¦ buried in homework~,freelance illustrator lvl biology nerd loves traveling dragons dogs work inquiries tatiilange art gmail com
Satyameva Jayate,
CAL USA,citizen large usa retired tech industry supply chain executive vietnam veteran army infantry division fire team leader life long doggy dad
Oz (Blackstar Plays)(on hiatus til further notice),lper horror nerd entertainment archaeologist pansexual punk opossum they avatar clovehoof follow tori occasionally minors dni
John J Blasko,fleeting moments brilliance rest the time just average
Madam Speaker - Prosecco Stormtrooper,mostly lurking making curry wants flowers you make owls
Andrew,twitter unsolicited photos anything abv mainly coventry city england related views own
Jimmy,girl dad lawyer not typically useful one
Richard Bernabe,official twitter photographer writer podcast host traveler entrepreneur friend wildlife iaato org antarctic ambassador
Assume the Position,fmr head research development jewish space laser program deep state institute one many windmill cancer survivors
Shivang Mehta,award winning wildlife photographer photo guide india kenya canon ambassador best selling author associate fellow ilcp
Sam Wilson --- @2307,person demoralized unable assess true information even shower information authentic proof documents with pictures
ExplorerSafari,believe authentic african experiences are experts enabling magical moments design dream safari vacation make happen
OliverIsBetterThenDuck,evan likes trains musical theatre gay voice actor okay singer plans making thomas friends youtube series
Action Jackson,blacklivesmatter may covid covid through keep people safe bidenharris lists please
The Hindu,news feeds india national newspaper
MrYing17,twitter name name roblox
Surbiton,zillow cynic has problem inaccurate zestimates developed crap data right appeal homeowner has morphed zillow blogger
ğŸ—ï¸ Axe,love tech miss techno sleepytwt traffictwt
Save The Asian Elephants,stae team conservationists lawyers campaigners dedicated saving asian elephant contact savetheasianelephants stae org
Ike Mawira,clojurist
Damien Ma,founding managing director macropolochina adjunct faculty kelloggschool author often found eating views own
Mr Valentine,politically central called tree hugging jobless soap dodging snowflake hard right racist fascist nazi gammon scum extreme left
Dom Benson ğŸ’™,research outputs visibility manager brunel university london volunteer niso kbart oclc ezproxy wasps 
ğŸ‡®ğŸ‡³ Ramaswamy Iyer ğŸ•‰ï¸,pranams lotus feet grandfather friend buddy guru seeker truth searcher unknown mumbaikar heart donate blood save life
The Great Sage,public health practitioner lives matter healthcare initiative lmhi non profit health organisation
ğ”‘ğ”ğ”±ğ”¥ğ”ğ”« ğ”¬ğ”«ğ”°ğ”¢ ğ”šğ”¢ğ”ğ”©ğ”¡ğ”°,freethemall chaos witch laziest activist anarchic author angriest therapist wannabe bon vivant
á‹“lem,health agriculture education digital finance
Reuben Helms,software developer dad daughters husband gamer lazy needs exercise family history depression was kiwi
Daniel Tobias,building art music motorcycles mostly talk shit follow bass stuff this
Dougie No 10,thomas friends fan edward douglas favourite btw
SpeedShade,
ArunKumar AgRawal,believe my credo right right wrong wrong
VicSam,cool calm collected architect director greensyntax ltd writer talented fine artist dad two bodybuilder jack daniels fan usually british
fodderman1914,long trenches retired futility contemplating wrecking ball generation taken planet rights proletariat
MongabaySriLanka,mongabay sri lanka environmental science conservation news service
Crypto elephant,send tron nudes not giving financial advice elephant own research trx btt sun xrp qnt vxv
NÉlin K. ğŸ‡±ğŸ‡°,crazynalin idonatelk bloodbplka
Jayasree Saranathan,author mahabharata bce validation traditional date write jayasreebooks gmail com get books channel youtube com user jayasartn
RedLehi,
NavigantÃ©,not uncertain
Scott Couzens,political dogma much enemy democracy religious dogma society
Stone Tank Engine,
COVID-19Nurse,nurse working nyc recently tested positive covid read piece critiquing healthcare leaders the pandemic bit awsdae
Jacob,bi doc knickerbocker miss
Sagar,wildlife photography for sports politics laughter crazy nasty whisky
Mattia Guidarelli,master arts film theory aesthetics culture drummer nerd helped bit cphpix wrote reviews moovy can find grandteatret
ArmyDocWhoTweets,exarmy zindagi hai qaum ye qaum lutaunga vande mataram
ğŸŒ¿ğŸ‡ºğŸ‡¸ğŸ—WOLFâœ¡ğŸ‡®ğŸ‡±âœ’ğŸğŸŒ¾,libertarian warrior poet author art ger air force yisrael chai hashem echad deployed idf hatikvah
"ASEAN NOW Thailand, formerly Thaivisa.com",asean the largest asean forum news site expats visitors interest growing region asean formerly thaivisa com
King Bocarr : Mobile will be Huawei on 5G,communicate world directly twitter third parties individuals trust third parties everything say written twitter
Kevin,adventure activity holidays you italy selected destinations adventureandac
kfunk937,like cranky humans abhor mayo absolutely litigation disaster tourist die put on memorial stages qualm disquiet alarm
Secular Sandwich ğŸ‡¦ğŸ‡º,life long atheist faith never lead truth faith not require evidence
John Roberts,thinking elephant charity sustainably helping thailand elephants based chiang saen thailand please donate bit donateforeles
Da Great Smanga,zuluasfukk fukksober master self
jadis11,fine
they goin fa $10 a (g),main new hampshire flo rida pisces cancer cancer starseed eleven
Patrick Kennedy,jack trades master fewer
Maggi,justice ssr
Linda Lincoln,
DTruth,racism making better america
Oh Dear!,first would like make one thing quite clear never explain anything mary poppins retired acute mental health darkinjung land
PBR Enthusiast |ACAB ğŸŒ±,live fast die hard smoke grass eat ass listen motley crue drums noise plant
Dakotah Sommers,exercise science personal trainer
Flowers Mamba,flowers recommendations every occasion every season
TheDailyFaberianNewsPaper,mng editor dean vernon wormer year going take bull balls kick punks dc resist resistance resisters blm
big stupid baby â€¼ï¸,leader men
ğ•¸ğ–Šğ–‘ğ–œğ–ğ–‘ğ–‘77ğŸ¦šğŸ’«âœ¨,country girl living day dream appreciator strange unusual cheese rather chocolate brokenrecord fixstreaming
Betsy ğŸ¸ ğŸ¦ˆ,dynamite laser beam guaranteed blow mind
bobbybones,
crylie,software engineer texas cat lover her
AsymetricJockey. Lying MPâ€™s are contemptible,ukraine free ever probity honesty integrity demanded politics
Tori,ceramicist anxiety ridden person working family owned ceramic supplier heart potteries
Saadia Akabir,oth november best apology changed behavior
Saadia Akabir,oth november best apology changed behavior
Amir Merchant,
Corneel Pelser,
justilocks,human traveler office drone musician
David,ask maybe let you to world maybe am riddle wrapped mystery inside enigma enter own risk
JosuÃ©,spread love navy vet ran unconquered dtwd freehaiti
Ssteel23,interested blk progressive politics putting money blk ppl pockets ados illinois guy hawaii adoshawaii adosbigisland adoskona
Sai Subramanian ğŸ‡®ğŸ‡³,experienced insurance executive
Davida | Wonders of Wanders,travel food culture content creator inspiring discover wonders wanders collab wow wondersofwanders com instagram com wondersowanders
Tayo | The 5 to 9 Traveller,life than award nominated travel blogger local global adventurer feat huffpostuk bbcradiolondon traveller
S Wulff,
Sulay,want make change people lives snapchat sulayman linktr sulay
ğŸŒğŸ˜Wendy ğŸ˜ğŸŒ,badass grandma stands ground won back bullies tyrants grandkids call noni can call wendy
Tony Gavigan ğŸ‡³ğŸ‡¿â˜˜ï¸,winning compensation supreme court decision the feltexclaim untrue ipo statement sales
Bugsy,
Kapukapu,ordinary cat
Anshuman,light fork drop kick
Roderick Enzerink,ministerie lnv stikstof graag buiten keuken jager tweets persoonlijke titel vvdzuid amsterdam
Captured In Africa Safaris,planning safaris across africa expertly sustainably plan safari today email team today info capturedinafrica za
Tim Carey,historian author croke park history mountjoy story prison dublin since etc regular sunday miscellany contributor views alas mine
G.R. Venkatagiri ğŸ‡®ğŸ‡³ (à²œà²¿.à²†à²°à³. à²µà³†à²‚à²•à²Ÿà²—à²¿à²°à²¿) ğŸ‡®ğŸ‡³,global citizen kannadiga indian army supporter son proud farmer professionalism love family country farmer birth
reallywallpaper,twitter account newsletter historical wallpaper reported edited host robert kelly study wallpaper don 
the mad hatter,all quite mad you fit right arguing stupid democrats forte let make america greater trump
bren the autistic bearbot ğŸ»,urbanized tis bear roaming milton dba linux bear metal specialist fire extinguisher synchronous rotating political inertia tis goose bay
Emoji Tourism ğŸŒğŸ­ğŸ›©ğŸ•,facilitate emotional rediscovery travel much appreciate african cities unforgettable adventure safaris member ecotourismafric
OmertÃ ,lft coach roles previously professional coach analyst mnmgaming teamsecret wylde cl cl si
Kazza,social media platform because different opinion doesn mean a troll don like know go
O'Neill Cylinders,rotating space habitats welcome info generating talk about future homes the rest humanity writing book ocs
GELANCE REPUBLIC,official republic angela lance est followed angela lance ate manage glr admins
Kraken,business consultant prty convener let talk startup investments print parties startup
John Sheffield,kind like jack black less funny with musical talent not complete asshole parts missing others not should 
Nahuel Antinanco,friends call nah author never wrote book just say twitter lindsay called stalker mutant freak imbecile
Lauren Tuffield,centa phd student british geological survey geologist woodwind player dabbling brass cyclist her
S I T H â—¾ï¸ L O R D,well since all deenash
Thulani Ndaba,azaniaspeaks supportblackbusinesses rapemustfall racismmustfall diphiri itsabeardthing
stephen rusby,creativity word alternative rascal
krishnamurthy vijayan,twitter am sick one sided liberal secularism the two faced champions freedom expression
Lyxil,know things sometimes hate always try spread kindness compassion
KAHURA MURIUKI,email kahura gmail com consummate listener slow anger love interact genuine people
Jessie Thompson,arts editor independent
UK public policy failure,oliver lewis highlighting failures policy outcomes s system government
MOTIVATED###,liverpool fan instrumentation control systems tech tribology industry opinionated love rachel dm business
Daffyd,brexwinner united stand divided fall pronouns fuck off
Claire Suzanne,conservationist animal advocator duck chuck horses lover eventing anything horsy
The Phantom,look works mighty despair
History Of Vadodara,connecting people sayaji nagri vadodara baroda history heritage
chab,ceo unemployed
News9,india largest team digital journalists brings the daily news narrative debate
Tá´É´á´‡á´˜á´€ÉªÉ´á´›á´‡Ê€ ğ‘†ğ‘™ğ‘ğ‘£ğ‘ ğ‘ˆğ‘˜ğ‘Ÿğ‘ğ‘–ğ‘›ğ‘–!,literature composition critical thinking poetry sometimes fiction writer political fool think jameson former marketing exec blm
Flossy,political physicist cold war moderator undocumented historian conservative movement reagan gingrich revolutions blogged huffpuff back golden era
Laurence O'Bryan,published languages helping authors sign free quality check your book amazon forms gle ew ccjxwf 
Prof.S.VenugopalanğŸ‡®ğŸ‡³,brahmana san tani only protection brahminhood vaidika dharma protected
Winifred G,retired military years
Ê‡á´‰É¯á´‰l ÉÉ¯ÇÉ¥É”sÂ® î¨€,fitter happier productive born ppm catwalk king bayshore
tepong,future criminologist
K!Ï€G,hanuman bhakt love photography amateur birder foodie sportsholic proud indian hope till die indiaves
feiyaé£å‘€,
SOOZY-Q ğŸŒ»âœŒğŸŒ¦â˜®,ukraine teaches democracy donald trump criminal all ever one day gone s laid eggs everywhere
Author Support,published author helping authors get discovered real help
Papou1981,rip baby girl miss forever wish could hold one last time were best kitty ever love darling koukla
sopuzzled,
Im bored,survived k k
ANTOINE BONAVIA,
Raimo Kangasniemi,useless humanist love art astronomy history literature science human rights social justice hate oppression runokaannoksia
Dedewhale,horse racing astros raiders whalers make useless tweets
Ibrahim Al Hashidi,
big titty genious,write giantess porn sometimes retweet said porn keep eye but mostly yell real life
Benis Inspector,newfoundlander eater woodland creatures reader books poster shit
LoulouD,mean say hate animal cruelty retweets endorsements unless like interests politics accountability corporate governance sport music
Chief Mtetwa,all things passeth away goodness lord abideth forever saved the cross
